esac_publisher,cat,name,2017,2018,2019,2020,2021,2022,2023,2024,2025,2026
Elsevier,Germany,TDM Support,1,1,1,1,1,0.9993062781824489,0.9978021978021978,0.9993048314216197,0.9991422035836828,0.9998611303985557
Elsevier,Germany,ORCID,0.2149122807017544,0.3406193078324226,0.4268104776579353,0.3483831604636974,0.49528672427337,0.5216788067984738,0.6624803767660911,0.6593673965936739,0.7171178040411742,0.7712817664213304
Elsevier,Germany,Funder info,0.5877192982456141,0.6930783242258652,0.7542372881355932,0.8169615619280048,0.7120974076983504,0.5404092958723552,0.5849293563579278,0.5996987602827019,0.6890964544414793,0.7168448826551868
Elsevier,Germany,Open Abstracts,0,0.0018214936247723133,7.704160246533128e-4,0.0036607687614399025,0.002356637863315004,0.002774887270204648,0.0037676609105180532,0.001853782875680686,0.0013343499809378575,0.0011109568115539507
Elsevier,Germany,Open Citations,0.9956140350877193,0.9972677595628415,0.9953775038520801,0.9987797437461867,0.997643362136685,0.9941033645508152,0.9978021978021978,0.9986096628432395,0.9983797178802898,0.9969448687682266
Elsevier,Global,TDM Support,1,1,1,1,0.9999134910679528,0.9996200796180974,0.9985998979364851,0.9985387464864764,0.9982826436208521,0.9991516845809033
Elsevier,Global,ORCID,0.22444821731748726,0.33984997932786015,0.4059435964823613,0.33313478854980555,0.47681560621134134,0.48472885247526387,0.6235426507726731,0.631317361925504,0.6759024035075223,0.7259748397358654
Elsevier,Global,Funder info,0.5599320882852292,0.667591991022385,0.7514404124128171,0.7900564100767318,0.6952939140966304,0.5271643073060341,0.5395103568297502,0.5992628581001843,0.7026440956971122,0.7400298838386272
Elsevier,Global,Open Abstracts,0.0023769100169779285,0.0022444037564231293,0.002476498534317194,0.0062366420237552995,0.004303819369349885,0.0027585523381621763,0.003441372361723565,0.003229649485303699,0.0027778437284835824,0.0020533089121318746
Elsevier,Global,Open Citations,0.9795585738539898,0.9815132006378832,0.9823107247548772,0.9928874251077398,0.9936415934945283,0.9930953600158575,0.9948968242544783,0.9966679696952775,0.9948558449472527,0.9933677158143346
Springer Nature,Germany,TDM Support,1,0.9966499162479062,0.9978054133138259,0.9991730655640875,1,1,0.9973002699730027,0.9925955178201205,0.9930451127819548,0.9973118279569892
Springer Nature,Germany,ORCID,0.37058261700095513,0.5125628140703518,0.590343818580834,0.5646780862374483,0.6736745886654479,0.6904287138584247,0.6547345265473453,0.643992496791391,0.6326127819548872,0.6140552995391705
Springer Nature,Germany,Funder info,0.4794651384909265,0.5058626465661642,0.49158741770299924,0.7540460720614294,0.8639853747714809,0.880259222333001,0.8817118288171183,0.857044130713792,0.8429511278195488,0.8525345622119815
Springer Nature,Germany,Open Abstracts,0.05348615090735435,0.06532663316582915,0.365764447695684,0.8835203780271706,0.8665447897623401,0.8687936191425722,0.8799120087991201,0.8762957843814789,0.8613721804511278,0.8536866359447005
Springer Nature,Germany,Open Citations,0.9684813753581661,0.983249581239531,0.964155084125823,0.9461311281748376,0.9111517367458867,0.9328015952143569,0.9374062593740626,0.9396781518412479,0.9418233082706767,0.9552611367127496
Springer Nature,Global,TDM Support,0.9993551034765785,0.9961291690969829,0.9920312952767314,0.9978554112015914,0.9996343275054279,0.9996964361605245,0.9971619632119482,0.990696683474185,0.9919523965939814,0.9954897030881139
Springer Nature,Global,ORCID,0.37146039749076626,0.5312052600880216,0.6646382691007438,0.6768508733760179,0.7672494572048909,0.7760103616457208,0.7355127090834915,0.7026631631276188,0.6595876392854436,0.6274302823253939
Springer Nature,Global,Funder info,0.5658087588673272,0.5741025505063895,0.6174538781029654,0.7083359234164232,0.7035081704948006,0.7094489304434056,0.7349273639959558,0.7265535118244443,0.7130530358541577,0.7451970136076618
Springer Nature,Global,Open Abstracts,0.04713607316644193,0.05859271435388939,0.347966772916063,0.9174177907627277,0.9107987658553308,0.9072106530670067,0.9152846018766518,0.8833605567786379,0.8041918285873109,0.7585359768151546
Springer Nature,Global,Open Citations,0.9837603330011139,0.9766159393393075,0.9715541388969381,0.9669919811027538,0.9551822648840133,0.9540809098820149,0.9562232825443,0.9584688587458277,0.9634636278646689,0.9589467017254285
Wiley,Germany,TDM Support,1,1,0.9997245937758193,0.9995157971189929,0.9995709535557225,0.9983418367346939,0.2879123440960485,0.07476172793662582,0.3365040148239654,0.9836776332568222
Wiley,Germany,ORCID,0.6544401544401545,0.7218934911242604,0.7449738364087028,0.844207723035952,0.8126139654617612,0.8645408163265306,0.8446205851497843,0.933036266864711,0.9048795552810377,0.9104820198928845
Wiley,Germany,Funder info,0.7586872586872587,0.7544378698224852,0.5654089782429083,0.5913327684299722,0.49093639386463583,0.534311224489796,0.5324629910245949,0.556133184800099,0.5302038295243978,0.5169599591940831
Wiley,Germany,Open Abstracts,0.915057915057915,0.9467455621301775,0.9575874414761774,0.9405640963563733,0.9460474096320927,0.9419642857142857,0.9751719314605432,0.969674464661468,0.9681284743668932,0.9642948227492987
Wiley,Germany,Open Citations,0.9961389961389961,0.9985207100591716,0.9906361883778574,0.9849897106887786,0.9847688512281454,0.9831632653061224,0.9893927031122508,0.9926971159797005,0.994070413835701,0.9959194083142056
Wiley,Global,TDM Support,0.9955623177380499,0.9976907445039719,0.9987328023171614,0.997140522875817,0.9987486398258977,0.9956180174489756,0.2819526989767784,0.09691749650178647,0.3555992857403156,0.9807739544023402
Wiley,Global,ORCID,0.5491314821858755,0.6907445039719194,0.7646632874728457,0.84375,0.8539989118607182,0.8703762188622637,0.88422890754243,0.9168444076131995,0.9113856394932157,0.9009445548534042
Wiley,Global,Funder info,0.7328515278306074,0.7307408091631258,0.6180304127443881,0.5630446623093682,0.47840043525571274,0.47953100943507954,0.486857422952025,0.49779238951758614,0.4891707056351202,0.49025299778933973
Wiley,Global,Open Abstracts,0.8616711043489286,0.892111583225568,0.9052618875211199,0.9028799019607843,0.9127856365614798,0.9123406103193715,0.9507842656699957,0.9544756755288076,0.955322327903502,0.9592479289015922
Wiley,Global,Open Citations,0.9798402434385698,0.9833733604285978,0.985397055273956,0.9778730936819172,0.981936887921654,0.9812680115273775,0.9831045891795845,0.9859663899794862,0.9892253683660702,0.9899515441127213
Taylor and Francis,Germany,TDM Support,0.9424083769633508,0.7415730337078652,0.4068767908309456,0.006928406466512702,0.004552352048558422,0.001564945226917058,0.0029985007496251873,0.012345679012345678,0.029516539440203562,0.07651991614255765
Taylor and Francis,Germany,ORCID,0.31413612565445026,0.38764044943820225,0.4813753581661891,0.6120092378752887,0.708649468892261,0.755868544600939,0.7211394302848576,0.6555555555555556,0.6743002544529262,0.6928721174004193
Taylor and Francis,Germany,Funder info,0.5235602094240838,0.5955056179775281,0.32664756446991405,0.42494226327944573,0.5553869499241275,0.5618153364632238,0.5412293853073463,0.5111111111111111,0.5170483460559796,0.5345911949685535
Taylor and Francis,Germany,Open Abstracts,0.005235602094240838,0.0056179775280898875,0.014326647564469915,0.009237875288683603,0.010622154779969651,0.012519561815336464,0.005997001499250375,0.012345679012345678,0.008651399491094147,0.016771488469601678
Taylor and Francis,Germany,Open Citations,0.9476439790575916,0.9325842696629213,0.9398280802292264,0.9491916859122402,0.9620637329286799,0.9593114241001565,0.9550224887556222,0.9530864197530864,0.9491094147582697,0.9706498951781971
Taylor and Francis,Global,TDM Support,0.9311575726670066,0.6247800070397748,0.465324384787472,0.010943396226415094,0.005607102329617516,0.0069555582912716974,0.010082948393185317,0.017265219178594117,0.03225806451612903,0.13349866924751996
Taylor and Francis,Global,ORCID,0.3006119326874044,0.4699049630411827,0.5250878875039949,0.6270440251572327,0.676790601428476,0.7105133571340637,0.6784383847414692,0.6452408535446018,0.6526904028911792,0.656484393902734
Taylor and Francis,Global,Funder info,0.5305966343702193,0.5931010207673354,0.38814317673378074,0.4235220125786163,0.46091716173820174,0.5002462144527884,0.4806536532061789,0.4533054299488023,0.46680497925311204,0.4765303653520445
Taylor and Francis,Global,Open Abstracts,0.008414074451810302,0.01900739176346357,0.008948545861297539,0.010440251572327044,0.010546692477137708,0.015757724978456237,0.01961953012467094,0.023244515863821518,0.01970954356846473,0.027643358335349626
Taylor and Francis,Global,Open Citations,0.9398266190719021,0.9493136219640972,0.9496644295302014,0.9500628930817611,0.9349843134637207,0.9279207189462021,0.9246014006854418,0.9302664524085354,0.9319702851023959,0.9457415920638761
Sage,Germany,TDM Support,0.5909090909090909,0.8518518518518519,0.912,0.9314420803782506,0.9616858237547893,0.9547563805104409,0.9521094640820981,0.9378084896347483,0.976721629485936,0.9480286738351255
Sage,Germany,ORCID,0.09090909090909091,0.18518518518518517,0.608,0.7423167848699763,0.8480204342273308,0.8735498839907193,0.8859749144811858,0.9012833168805529,0.9602327837051406,0.9731182795698925
Sage,Germany,Funder info,0.13636363636363635,0.18518518518518517,0.32,0.3877068557919622,0.36909323116219667,0.37703016241299303,0.43557582668187,0.43336623889437315,0.44907856450048494,0.44086021505376344
Sage,Germany,Open Abstracts,0.5454545454545454,0.7407407407407407,0.88,0.9479905437352246,0.9642401021711366,0.9675174013921114,0.9646522234891676,0.9753208292201382,0.9806013579049466,0.9731182795698925
Sage,Germany,Open Citations,1,1,0.984,0.9716312056737588,0.9693486590038314,0.9559164733178654,0.9703534777651083,0.9654491609081934,0.9641125121241513,0.96415770609319
Sage,Global,TDM Support,0.7433962264150943,0.8433048433048433,0.8756515264333582,0.9564303726534044,0.9468723221936589,0.93787732960014,0.9319954616366473,0.9287188749838731,0.9665595961913502,0.9626666666666667
Sage,Global,ORCID,0.12641509433962264,0.2792022792022792,0.5368577810871183,0.760997478285234,0.8240502713510426,0.8464432583778109,0.8633527159268188,0.8735001935234163,0.9506711024435012,0.9651282051282051
Sage,Global,Funder info,0.19056603773584907,0.2706552706552707,0.35889798957557706,0.3622863547212104,0.37475007140816907,0.39259777758334063,0.3871082116011913,0.38601470777964136,0.42738327406217735,0.4351794871794872
Sage,Global,Open Abstracts,0.6169811320754717,0.7763532763532763,0.8332092330603127,0.9176239843093303,0.9515376559078359,0.9465395047685712,0.9549000141823855,0.9591665591536576,0.9605942411380062,0.9660512820512821
Sage,Global,Open Citations,0.9622641509433962,0.9729344729344729,0.9761727475800447,0.9515270383861025,0.9559173569456346,0.9482019424271589,0.949014324209332,0.951361114694878,0.9550304003670987,0.9597948717948718
IEEE,Germany,TDM Support,0,0,0,0,0,0,0,0,0,0
IEEE,Germany,ORCID,0.5454545454545454,0.9444444444444444,1,0.9411764705882353,0.9329896907216495,0.9731800766283525,1,0.9916666666666667,0.9975728155339806,0.9395973154362416
IEEE,Germany,Funder info,0.8181818181818182,0.7777777777777778,0.8461538461538461,0.7426470588235294,0.6958762886597938,0.7432950191570882,0.7083333333333334,0.7583333333333333,0.7087378640776699,0.7013422818791947
IEEE,Germany,Open Abstracts,0,0,0,0,0,0,0,0,0,0
IEEE,Germany,Open Citations,1,1,1,1,1,0.9961685823754789,1,0.9805555555555555,0.9733009708737864,0.8120805369127517
IEEE,Global,TDM Support,0.04381443298969072,0.001996007984031936,0,0,0,0,0,0,0,0
IEEE,Global,ORCID,0.5541237113402062,0.9441117764471058,0.9476744186046512,0.9454022988505747,0.9278445883441259,0.9819494584837545,0.9987987987987988,0.9958207569073602,0.9919393077287814,0.9148282602624965
IEEE,Global,Funder info,0.8814432989690721,0.8822355289421158,0.8798449612403101,0.8304597701149425,0.8358001850138761,0.8139153265507056,0.76996996996997,0.7631762247504064,0.7676623992413466,0.6531695057246579
IEEE,Global,Open Abstracts,0,0,0,0,0,0,3.003003003003003e-4,0.0018574413745066172,9.48316737790422e-4,2.7925160569673273e-4
IEEE,Global,Open Citations,1,0.998003992015968,0.9961240310077519,0.9949712643678161,0.9976873265494912,0.9927797833935018,1,0.9804968655676806,0.9732100521574206,0.7129293493437587
Wolters Kluwer Health,Germany,TDM Support,0.05128205128205128,0.11764705882352941,0.03333333333333333,0,0,0.007874015748031496,0.03968253968253968,0.005952380952380952,0.05142857142857143,0.05333333333333334
Wolters Kluwer Health,Germany,ORCID,0,0.058823529411764705,0.05,0.03125,0.3394495412844037,0.33858267716535434,0.373015873015873,0.5714285714285714,0.7085714285714285,0.5733333333333334
Wolters Kluwer Health,Germany,Funder info,0,0,0,0,0.03669724770642202,0.023622047244094488,0.023809523809523808,0.1130952380952381,0.08571428571428572,0.06666666666666667
Wolters Kluwer Health,Germany,Open Abstracts,0.9230769230769231,0.9411764705882353,0.85,0.921875,0.9357798165137615,0.984251968503937,0.9206349206349206,0.9404761904761905,0.9542857142857143,0.96
Wolters Kluwer Health,Germany,Open Citations,1,0.9705882352941176,1,1,1,1,1,1,0.9828571428571429,0.8933333333333333
Wolters Kluwer Health,Global,TDM Support,0.20521172638436483,0.17917034421888792,0.022525597269624574,0.014027149321266969,0.010961810466760962,0.005230769230769231,0.007354944156905475,0.007316497521831484,0.02658582089552239,0.05155071248952221
Wolters Kluwer Health,Global,ORCID,0.0054288816503800215,0.02030008826125331,0.025255972696245733,0.0334841628959276,0.18175388967468176,0.2713846153846154,0.3271588123127213,0.4434741562426245,0.5659981343283582,0.5561609388097234
Wolters Kluwer Health,Global,Funder info,0.08360477741585233,0.09355692850838482,0.021843003412969283,0.005429864253393665,0.025813295615275813,0.007692307692307693,0.046853718332879324,0.10667925418928487,0.1166044776119403,0.13411567476948869
Wolters Kluwer Health,Global,Open Abstracts,0.7709011943539631,0.7987643424536628,0.9310580204778157,0.9140271493212669,0.9345827439886846,0.9424615384615385,0.9155543448651594,0.9261269766344111,0.9188432835820896,0.9103101424979044
Wolters Kluwer Health,Global,Open Citations,0.8306188925081434,0.8411297440423654,0.9938566552901024,0.9927601809954751,0.9904526166902404,0.9941538461538462,0.9921002451648052,0.9936275666745339,0.9787779850746269,0.8960603520536463
American Chemical Society,Germany,TDM Support,0.5,0.7142857142857143,0.4,0.1,0.018487394957983194,0.009966777408637873,0,7.473841554559044e-4,0.0011890606420927466,0.003579952267303103
American Chemical Society,Germany,ORCID,0.5,0.42857142857142855,0.9,1,1,0.9983388704318937,0.9951632406287787,0.9962630792227205,0.9988109393579072,0.9988066825775657
American Chemical Society,Germany,Funder info,1,0.8571428571428571,0.8,0.9333333333333333,0.9008403361344538,0.9036544850498339,0.9177750906892382,0.9028400597907325,0.9036860879904876,0.9069212410501193
American Chemical Society,Germany,Open Abstracts,0,0.14285714285714285,0.3,0.1,0.010084033613445379,0.009966777408637873,0.007255139056831923,0.004484304932735426,0.0023781212841854932,0.003579952267303103
American Chemical Society,Germany,Open Citations,1,1,1,1,1,0.9983388704318937,1,0.9970104633781763,0.9982164090368609,1
American Chemical Society,Global,TDM Support,0.9523809523809523,0.8363636363636363,0.5769230769230769,0.02384500745156483,0.0037694361551751216,0.0028143789177433797,7.783615489394824e-4,6.991920447482909e-4,0.0018722964684614889,0.002570064863541794
American Chemical Society,Global,ORCID,0.4523809523809524,0.38181818181818183,0.6666666666666666,0.9985096870342772,0.9971729228836187,0.9966739158244851,0.9954271258999805,0.9963486637663145,0.9976112079540319,0.9944927181495533
American Chemical Society,Global,Funder info,0.7619047619047619,0.8727272727272727,0.8205128205128205,0.8166915052160953,0.9007381812470552,0.9169758219265703,0.9268340143996887,0.9333436917339962,0.9290464200400284,0.9281605678619508
American Chemical Society,Global,Open Abstracts,0.40476190476190477,0.2,0.24358974358974358,0.02384500745156483,0.002670017276582378,0.0028143789177433797,0.003210741389375365,0.0035736482287134865,0.003163535412228033,0.002570064863541794
American Chemical Society,Global,Open Citations,1,1,0.9871794871794872,0.9985096870342772,0.9968588032040208,0.9923244211334271,0.9911461373808134,0.9907551274083282,0.9903157079217509,0.9895973565047118
Oxford University Press,Germany,TDM Support,0.3020833333333333,0.1099476439790576,0.25757575757575757,0.40160642570281124,0.26572327044025157,0.26291079812206575,0.08320493066255778,0.042488619119878605,0.04144385026737968,0.02054794520547945
Oxford University Press,Germany,ORCID,0.3020833333333333,0.2931937172774869,0.5666666666666667,0.6827309236947792,0.7279874213836478,0.7793427230046949,0.7981510015408321,0.8361153262518968,0.8542780748663101,0.8904109589041096
Oxford University Press,Germany,Funder info,0.5,0.6282722513089005,0.6242424242424243,0.606425702811245,0.5660377358490566,0.5852895148669797,0.6209553158705701,0.6388467374810318,0.7072192513368984,0.6883561643835616
Oxford University Press,Germany,Open Abstracts,0.4270833333333333,0.24083769633507854,0.7363636363636363,0.7650602409638554,0.8176100628930818,0.8701095461658842,0.8859784283513097,0.8755690440060698,0.9037433155080213,0.8732876712328768
Oxford University Press,Germany,Open Citations,0.9479166666666666,0.9633507853403142,0.9636363636363636,0.9457831325301205,0.9575471698113207,0.9687010954616588,0.938366718027735,0.9499241274658573,0.9719251336898396,0.9383561643835616
Oxford University Press,Global,TDM Support,0.25837592277115273,0.17415565345080763,0.1819682277697545,0.20647716023193324,0.14192303569514417,0.16232308443142995,0.046035147878268325,0.035775765287029415,0.03959829657407996,0.041249092229484384
Oxford University Press,Global,ORCID,0.24077228847245882,0.3788546255506608,0.5533319579121105,0.6259369254702305,0.6804587844356308,0.756564177647633,0.7687955422203172,0.8128134121697478,0.8304836966884892,0.8541757443718228
Oxford University Press,Global,Funder info,0.6325951164111301,0.6895741556534508,0.6616463792036311,0.6041578277471362,0.5613677778968807,0.5878965348950708,0.5771110158594085,0.5937429833096325,0.6060509756562639,0.6017429193899783
Oxford University Press,Global,Open Abstracts,0.30550823395797844,0.27929515418502204,0.681246131627811,0.7529345212841182,0.7771465323185764,0.8136652025378234,0.830004286326618,0.8607888631090487,0.8574334201995805,0.8608569353667392
Oxford University Press,Global,Open Citations,0.9494605337876206,0.928928046989721,0.9242830616876418,0.9365012020930561,0.8969878872333583,0.9001464128843338,0.8917273896270896,0.8993338821944465,0.9099980931799403,0.8981844589687727
American Physiological Society,Germany,TDM Support,1,1,0.9846153846153847,1,1,0.9975308641975309,1,0.9959758551307847,0.17603911980440098,0
American Physiological Society,Germany,ORCID,0.5915492957746479,0.625,0.6923076923076923,0.8767123287671232,0.9240924092409241,0.9506172839506173,0.9746543778801844,0.9436619718309859,0.9902200488997555,0.9957983193277311
American Physiological Society,Germany,Funder info,0.5352112676056338,0.75,0.8,0.773972602739726,0.759075907590759,0.8049382716049382,0.7857142857142857,0.772635814889336,0.8264058679706602,0.8067226890756303
American Physiological Society,Germany,Open Abstracts,0.9436619718309859,1,0.9692307692307692,0.9931506849315068,0.966996699669967,0.9728395061728395,0.9792626728110599,0.9456740442655935,0.9926650366748166,0.9915966386554622
American Physiological Society,Germany,Open Citations,1,1,1,1,1,1,1,0.9979879275653923,1,1
American Physiological Society,Global,TDM Support,0.9931412894375857,0.9970674486803519,0.99860529986053,1,1,0.9983286908077994,0.9987336428872943,0.9961693977442009,0.16883116883116883,0
American Physiological Society,Global,ORCID,0.4513031550068587,0.5219941348973607,0.5704323570432357,0.8101851851851852,0.913768115942029,0.913091922005571,0.861544955677501,0.967014258352841,0.9931871407281243,0.9967497291440953
American Physiological Society,Global,Funder info,0.5363511659807956,0.7595307917888563,0.8047419804741981,0.8113425925925926,0.8311594202898551,0.8005571030640668,0.709582102152807,0.802723983826346,0.8192463274430487,0.8098591549295775
American Physiological Society,Global,Open Abstracts,0.9725651577503429,0.9794721407624634,0.9888423988842399,0.9907407407407407,0.9746376811594203,0.943732590529248,0.8712536935415788,0.9661630134071079,0.9874387907174792,0.9875406283856988
American Physiological Society,Global,Open Citations,1,0.9970674486803519,1,1,0.9992753623188406,0.9994428969359331,0.997889404812157,0.9993615662907002,0.9991483925910155,1
AIP Publishing,Germany,TDM Support,1,1,0.9846153846153847,1,1,0.9975429975429976,1,0.9959758551307847,0.18274111675126903,0
AIP Publishing,Germany,ORCID,0.5915492957746479,0.625,0.6923076923076923,0.8767123287671232,0.9240924092409241,0.9508599508599509,0.9746543778801844,0.9436619718309859,0.9898477157360406,0.9957264957264957
AIP Publishing,Germany,Funder info,0.5352112676056338,0.75,0.8,0.773972602739726,0.759075907590759,0.8058968058968059,0.7857142857142857,0.772635814889336,0.8274111675126904,0.8034188034188035
AIP Publishing,Germany,Open Abstracts,0.9436619718309859,1,0.9692307692307692,0.9931506849315068,0.966996699669967,0.972972972972973,0.9792626728110599,0.9456740442655935,0.9974619289340102,0.9957264957264957
AIP Publishing,Germany,Open Citations,1,1,1,1,1,1,1,0.9979879275653923,1,1
AIP Publishing,Global,TDM Support,0.9931412894375857,0.9970674486803519,0.99860529986053,1,1,0.9983333333333333,0.9987368421052631,0.9961734693877551,0.18290716424786915,0
AIP Publishing,Global,ORCID,0.4513031550068587,0.5219941348973607,0.5704323570432357,0.8104046242774566,0.9139551699204628,0.9133333333333333,0.8618947368421053,0.9670493197278912,0.9926284266298088,0.996629213483146
AIP Publishing,Global,Funder info,0.5363511659807956,0.7595307917888563,0.8047419804741981,0.8115606936416185,0.8315256688358641,0.8011111111111111,0.7098947368421052,0.8027210884353742,0.8143284957383091,0.8112359550561797
AIP Publishing,Global,Open Abstracts,0.9725651577503429,0.9794721407624634,0.9888423988842399,0.9907514450867052,0.9746926970354303,0.9438888888888889,0.871578947368421,0.9659863945578231,0.9923980649619903,0.9910112359550561
AIP Publishing,Global,Open Citations,1,0.9970674486803519,1,1,0.9992769342010123,0.9994444444444445,0.9978947368421053,0.9993622448979592,0.999539276664363,1
Royal Society of Chemistry,Germany,TDM Support,0.008403361344537815,0.00392156862745098,0.007731958762886598,0.004514672686230248,0.015250544662309368,0.037037037037037035,0.027659574468085105,0.010610079575596816,0.005221932114882507,0.0125
Royal Society of Chemistry,Germany,ORCID,0.9243697478991597,0.9607843137254902,0.9432989690721649,0.9548532731376975,0.9738562091503268,0.9785575048732943,0.9787234042553191,0.9774535809018567,0.9830287206266318,0.9675
Royal Society of Chemistry,Germany,Funder info,0.5462184873949579,0.792156862745098,0.8015463917525774,0.8306997742663657,0.8518518518518519,0.8752436647173489,0.8957446808510638,0.8687002652519894,0.8590078328981723,0.835
Royal Society of Chemistry,Germany,Open Abstracts,0.9915966386554622,0.996078431372549,0.9922680412371134,0.9954853273137697,1,1,0.997872340425532,1,0.9986945169712794,0.995
Royal Society of Chemistry,Germany,Open Citations,0.9663865546218487,0.9607843137254902,0.9484536082474226,0.9593679458239278,0.9738562091503268,0.9805068226120858,0.9808510638297873,0.9787798408488063,0.9882506527415144,0.975
Royal Society of Chemistry,Global,TDM Support,0.01524390243902439,0.00815494393476045,0.007929883138564273,0.005756315957787016,0.0110658124635993,0.0199632256369845,0.011373209772535805,0.009664131812420786,0.006515091078314054,0.00974025974025974
Royal Society of Chemistry,Global,ORCID,0.8932926829268293,0.8460754332313966,0.8526711185308848,0.8631275983370643,0.8934187536400698,0.8991331757289204,0.9199663016006739,0.9345690747782003,0.9351150113016886,0.8932900432900432
Royal Society of Chemistry,Global,Funder info,0.5899390243902439,0.7492354740061162,0.7558430717863105,0.7678285897025904,0.7993593476994758,0.8534278959810875,0.8919545071609098,0.8898922686945501,0.8768780747241058,0.8257575757575758
Royal Society of Chemistry,Global,Open Abstracts,0.9832317073170732,0.9908256880733946,0.991652754590985,0.994243684042213,1,0.9994746519569214,0.9995787700084247,0.9998415716096325,0.9992022337455125,0.9965367965367965
Royal Society of Chemistry,Global,Open Citations,0.9314024390243902,0.8445463812436289,0.8564273789649416,0.8708026862807803,0.8937099592312172,0.9012345679012346,0.9201769165964616,0.9394803548795945,0.93777423214998,0.8982683982683982
IOP Publishing,Germany,TDM Support,1,0.6848739495798319,0.7684210526315789,1,1,1,1,1,1,1
IOP Publishing,Germany,ORCID,0.2636363636363636,0.9033613445378151,0.9157894736842105,0.8861788617886179,0.9378640776699029,0.8849557522123894,0.87248322147651,0.9499217527386542,0.9679595278246206,0.9858657243816255
IOP Publishing,Germany,Funder info,0.5909090909090909,0.6890756302521008,0.631578947368421,0.693089430894309,0.683495145631068,0.6849557522123894,0.6593959731543624,0.6619718309859155,0.6458684654300169,0.6431095406360424
IOP Publishing,Germany,Open Abstracts,0.01818181818181818,0,0.5947368421052631,0.8739837398373984,0.9184466019417475,0.9876106194690265,0.9865771812080537,0.9890453834115805,0.9932546374367622,0.9858657243816255
IOP Publishing,Germany,Open Citations,0.990909090909091,1,1,0.9898373983739838,0.9941747572815534,0.9946902654867257,0.9899328859060402,0.9953051643192489,1,0.9929328621908127
IOP Publishing,Global,TDM Support,1,0.6134204275534442,0.613647767185148,1,1,1,1,1,1,1
IOP Publishing,Global,ORCID,0.2928870292887029,0.8307600950118765,0.877571500250878,0.8275862068965517,0.8713210130047913,0.8549057206775328,0.8657074340527577,0.9243697478991597,0.9519462624870824,0.9646786334684424
IOP Publishing,Global,Funder info,0.5826359832635983,0.6454869358669834,0.6146512794781737,0.6672591539281906,0.7039698836413415,0.6941514860977949,0.6755395683453237,0.6522438762739138,0.6543231140199793,0.6381007527504343
IOP Publishing,Global,Open Abstracts,0.015690376569037656,0.0035629453681710215,0.41695935775213244,0.8880199075719872,0.9065708418891171,0.9757110898050495,0.9882494004796163,0.9865903808331843,0.9884602135721667,0.986682107701216
IOP Publishing,Global,Open Citations,0.9874476987447699,0.9899049881235155,0.9964877069744105,0.9925346605047991,0.9911019849418207,0.9923298178331735,0.994484412470024,0.9974968710888611,0.9975887013434378,0.9956572090330053
Cambridge University Press,Germany,TDM Support,0.05,0.16279069767441862,0.06030150753768844,0.1360544217687075,0.15242494226327943,0.17012448132780084,0.10795454545454546,0.050505050505050504,0.03470031545741325,0.02491103202846975
Cambridge University Press,Germany,ORCID,0.25,0.4186046511627907,0.5728643216080402,0.6530612244897959,0.8013856812933026,0.7842323651452282,0.7840909090909091,0.8525252525252526,0.8911671924290221,0.896797153024911
Cambridge University Press,Germany,Funder info,0,0.09302325581395349,0.03015075376884422,0.06462585034013606,0.23787528868360278,0.34024896265560167,0.2916666666666667,0.26464646464646463,0.1829652996845426,0.17437722419928825
Cambridge University Press,Germany,Open Abstracts,0.95,1,0.9547738693467337,0.9625850340136054,0.9630484988452656,0.970954356846473,0.9772727272727273,0.9818181818181818,0.9668769716088328,0.9288256227758007
Cambridge University Press,Germany,Open Citations,0.95,1,0.9748743718592965,0.9727891156462585,0.9815242494226328,0.9481327800829875,0.9071969696969697,0.8606060606060606,0.8564668769716088,0.8398576512455516
Cambridge University Press,Global,TDM Support,0.09022556390977443,0.08600770218228498,0.0762987012987013,0.045666356011183594,0.05803310613437196,0.05058886509635974,0.03559322033898305,0.02588310172907606,0.018163639393434426,0.020429184549356223
Cambridge University Press,Global,ORCID,0.2424812030075188,0.3761232349165597,0.612012987012987,0.691829760795278,0.7532619279454722,0.7581638115631691,0.7807909604519774,0.8213641667550652,0.847858690218297,0.8666094420600858
Cambridge University Press,Global,Funder info,0.05451127819548872,0.057766367137355584,0.04383116883116883,0.02516309412861137,0.13554040895813046,0.2461188436830835,0.17638418079096047,0.1798026943884587,0.13756040659890018,0.14283261802575106
Cambridge University Press,Global,Open Abstracts,0.9736842105263158,0.9640564826700898,0.961038961038961,0.8440509474992234,0.9460564751703993,0.9463329764453962,0.9465536723163842,0.9462183091121248,0.9289285119146808,0.9002575107296137
Cambridge University Press,Global,Open Citations,0.9868421052631579,0.9845956354300385,0.9797077922077922,0.983224603914259,0.9703992210321324,0.9151498929336188,0.8475706214689266,0.7951628301686645,0.7945342442926179,0.7409442060085837
The Electrochemical Society,Germany,TDM Support,1,0.6794871794871795,0.7589041095890411,1,1,1,1,1,1,1
The Electrochemical Society,Germany,ORCID,0.2692307692307692,0.905982905982906,0.915068493150685,0.8843683083511777,0.9368635437881874,0.8778195488721805,0.8661971830985915,0.9510603588907015,0.9699115044247788,0.9851301115241635
The Electrochemical Society,Germany,Funder info,0.5961538461538461,0.6923076923076923,0.6246575342465753,0.6852248394004282,0.6741344195519349,0.6785714285714286,0.6461267605633803,0.6525285481239804,0.6336283185840708,0.6356877323420075
The Electrochemical Society,Germany,Open Abstracts,0.019230769230769232,0,0.5780821917808219,0.867237687366167,0.9307535641547862,0.9868421052631579,0.9876760563380281,0.9918433931484503,0.9946902654867257,0.9925650557620818
The Electrochemical Society,Germany,Open Citations,0.9903846153846154,1,1,0.9892933618843683,0.9938900203665988,0.9943609022556391,0.9894366197183099,0.9951060358890701,1,0.9925650557620818
The Electrochemical Society,Global,TDM Support,1,0.5882352941176471,0.591728525980912,1,1,1,1,1,1,1
The Electrochemical Society,Global,ORCID,0.3002309468822171,0.8716002530044276,0.908271474019088,0.8515981735159818,0.9113830181683352,0.8869171885873347,0.8852835973428718,0.940954536879834,0.9625228519195612,0.9639863396460726
The Electrochemical Society,Global,Funder info,0.6189376443418014,0.6774193548387096,0.633085896076352,0.678462709284627,0.6955876900259548,0.6903270702853166,0.667603474706183,0.6436521411054518,0.6453382084095064,0.6252716547656008
The Electrochemical Society,Global,Open Abstracts,0.016166281755196306,0.003795066413662239,0.4056203605514316,0.8881278538812786,0.9150908416759362,0.9860821155184412,0.9925907000510986,0.994717977740049,0.9941499085923218,0.9937907482148401
The Electrochemical Society,Global,Open Citations,0.9872979214780601,0.9962049335863378,0.996288441145281,0.9923896499238964,0.9903596588802372,0.9916492693110647,0.9941236586612161,0.9973589888700245,0.9974405850091408,0.9956535237503881
American Physical Society,Germany,TDM Support,0,0,0,0,0,0,0,0,0,0
American Physical Society,Germany,ORCID,0,0,0.35968379446640314,0.9163498098859315,0.9549902152641878,0.967032967032967,0.9717514124293786,0.9829351535836177,0.9871904355251921,0.9931506849315068
American Physical Society,Germany,Funder info,0.96,0.9233716475095786,0.9011857707509882,0.8612167300380228,0.9001956947162426,0.9065934065934066,0.9020715630885122,0.8959044368600683,0.9308283518360376,0.9178082191780822
American Physical Society,Germany,Open Abstracts,0,0,0,0,0,0.0018315018315018315,0.003766478342749529,0.9880546075085325,0.9965841161400513,1
American Physical Society,Germany,Open Citations,1,0.9961685823754789,1,1,1,1,1,1,1,1
American Physical Society,Global,TDM Support,0,0,0,0,0,0,0,0,0,0
American Physical Society,Global,ORCID,0,0,0.3333333333333333,0.8861978406769769,0.9229447149813806,0.9375529810680984,0.9519980506822612,0.9568544102019129,0.9732380319148937,0.9875544492843809
American Physical Society,Global,Funder info,0.9018264840182648,0.898360655737705,0.9067914067914068,0.9180040852057193,0.9326840446863363,0.9282283130827917,0.9183723196881092,0.9124335812964931,0.9195478723404256,0.9156813939016801
American Physical Society,Global,Open Abstracts,0.0091324200913242,3.6429872495446266e-4,0,5.836008170411438e-4,0.00429676310512747,0.003955919751342187,0.004873294346978557,0.9789585547290117,0.9898603723404256,0.9884878655880522
American Physical Society,Global,Open Citations,0.9657534246575342,0.9938069216757741,0.997920997920998,0.9973737963233148,0.9959896877685477,0.9960440802486578,0.9929337231968811,0.9925611052072264,0.9950132978723404,0.9950217797137524
Emerald,Germany,TDM Support,0,1,NA,NA,NA,1,1,0.8125,0.08333333333333333,0
Emerald,Germany,ORCID,0,0,NA,NA,NA,0,1,0.125,0.6166666666666667,0.6206896551724138
Emerald,Germany,Funder info,0,0,NA,NA,NA,0,0,0,0.16666666666666666,0.1896551724137931
Emerald,Germany,Open Abstracts,1,1,NA,NA,NA,1,1,1,1,1
Emerald,Germany,Open Citations,1,0,NA,NA,NA,1,1,1,1,1
Emerald,Global,TDM Support,0.9166666666666666,0.9552238805970149,0.42857142857142855,0.8333333333333334,0.6666666666666666,0.875,0.9142857142857143,0.8952879581151832,0.26758045292014304,0
Emerald,Global,ORCID,0.2916666666666667,0.5074626865671642,0.2857142857142857,0.16666666666666666,0.2222222222222222,0.125,0.4857142857142857,0.15706806282722513,0.4797377830750894,0.5916775032509753
Emerald,Global,Funder info,0,0,0,0,0,0,0,0.005235602094240838,0.13885578069129917,0.19895968790637192
Emerald,Global,Open Abstracts,1,1,1,1,1,1,1,1,0.9982121573301549,1
Emerald,Global,Open Citations,0.2916666666666667,0.05970149253731343,1,1,1,1,1,1,1,1
BMJ Publishing,Germany,TDM Support,1,0.8333333333333334,0.18181818181818182,0.21052631578947367,0.09782608695652174,0.2235294117647059,0.060240963855421686,0.25287356321839083,0.20652173913043478,0.4117647058823529
BMJ Publishing,Germany,ORCID,0.375,0.16666666666666666,0.9545454545454546,0.9649122807017544,0.9130434782608695,0.9176470588235294,0.9759036144578314,0.9885057471264368,0.9456521739130435,0.9803921568627451
BMJ Publishing,Germany,Funder info,0.375,0.5,0.5909090909090909,0.6491228070175439,0.5978260869565217,0.7176470588235294,0.6746987951807228,0.5977011494252874,0.6195652173913043,0.6078431372549019
BMJ Publishing,Germany,Open Abstracts,0,0.16666666666666666,0.5,0.7894736842105263,0.8478260869565217,0.7294117647058823,0.9036144578313253,0.7126436781609196,0.717391304347826,0.5490196078431373
BMJ Publishing,Germany,Open Citations,1,1,1,0.9824561403508771,1,1,1,1,1,1
BMJ Publishing,Global,TDM Support,0.9090909090909091,0.7583333333333333,0.2460136674259681,0.1868070953436807,0.1691213814118842,0.19404915912031048,0.17456021650879566,0.1766848816029144,0.1721398305084746,0.29545454545454547
BMJ Publishing,Global,ORCID,0.3,0.4083333333333333,0.8656036446469249,0.8869179600886918,0.8791264601320468,0.8855109961190168,0.8910690121786198,0.9156041287188829,0.9004237288135594,0.9431818181818182
BMJ Publishing,Global,Funder info,0.38181818181818183,0.75,0.6742596810933941,0.4866962305986696,0.531742001015744,0.6461836998706338,0.6258457374830853,0.6478445658773527,0.5720338983050848,0.6074380165289256
BMJ Publishing,Global,Open Abstracts,0.19090909090909092,0.3,0.7129840546697038,0.7876940133037694,0.787201625190452,0.8027166882276844,0.7983761840324763,0.7990285367334548,0.7690677966101694,0.6983471074380165
BMJ Publishing,Global,Open Citations,1,1,0.9817767653758542,0.9900221729490022,0.9959370238699847,0.9987063389391979,0.9918809201623816,0.99210686095932,0.9941737288135594,1
Walter de Gruyter,Germany,TDM Support,1,1,1,0.9954337899543378,0.9876543209876543,1,1,0.9968454258675079,1,1
Walter de Gruyter,Germany,ORCID,0.03225806451612903,0.013513513513513514,0.08139534883720931,0.2237442922374429,0.3292181069958848,0.2454728370221328,0.325,0.32018927444794953,0.38006952491309387,0.37411764705882355
Walter de Gruyter,Germany,Funder info,0,0.013513513513513514,0.11627906976744186,0.273972602739726,0.2880658436213992,0.1267605633802817,0.1390625,0.07728706624605679,0.11239860950173812,0.08
Walter de Gruyter,Germany,Open Abstracts,0.8602150537634409,0.7972972972972973,0.8546511627906976,0.8082191780821918,0.8641975308641975,0.6639839034205232,0.6734375,0.6971608832807571,0.7323290845886443,0.6941176470588235
Walter de Gruyter,Germany,Open Citations,0.7741935483870968,0.7162162162162162,0.9127906976744186,0.7488584474885844,0.8477366255144033,0.6740442655935613,0.6515625,0.6861198738170347,0.7230590961761297,0.7411764705882353
Walter de Gruyter,Global,TDM Support,1,0.9774436090225563,0.9932659932659933,0.9973285841495992,0.9928251121076234,0.9902557856272838,0.9974709155285787,0.9960159362549801,1,1
Walter de Gruyter,Global,ORCID,0.029891304347826088,0.07769423558897243,0.13973063973063973,0.27960819234194123,0.33363228699551567,0.31303288672350793,0.3596358118361153,0.39619300575475874,0.463204842306467,0.46709129511677283
Walter de Gruyter,Global,Funder info,0.008152173913043478,0.040100250626566414,0.10606060606060606,0.22439893143365983,0.19192825112107623,0.13520097442143728,0.16287303995953464,0.16201859229747675,0.19401083147499204,0.160828025477707
Walter de Gruyter,Global,Open Abstracts,0.7309782608695652,0.7919799498746867,0.8367003367003367,0.8308103294746215,0.8322869955156951,0.7746650426309378,0.7794638340920587,0.7901726427622842,0.8295635552723798,0.8253715498938429
Walter de Gruyter,Global,Open Citations,0.8070652173913043,0.8421052631578947,0.9107744107744108,0.7943009795191451,0.8448430493273542,0.756394640682095,0.7121901871522509,0.7472332890659584,0.7811404906021026,0.8423566878980892
Thieme,Germany,TDM Support,0,0,0,0,0,0,0,0,0,0
Thieme,Germany,ORCID,0,0,0,0.007073386383731211,0.0397489539748954,0.33548387096774196,0.46987951807228917,0.46368715083798884,0.6177777777777778,0.6831683168316832
Thieme,Germany,Funder info,0,0,0.0019286403085824494,0.01237842617152962,0.02615062761506276,0.17419354838709677,0.21084337349397592,0.1787709497206704,0.19555555555555557,0.25742574257425743
Thieme,Germany,Open Abstracts,0.9523809523809523,0.0590513068731849,0.08775313404050145,0.08311229000884174,0.11715481171548117,0.9354838709677419,0.9096385542168675,0.9050279329608939,0.92,0.9603960396039604
Thieme,Germany,Open Citations,0,0,0.0048216007714561235,0.05747126436781609,0.12133891213389121,0.9548387096774194,0.963855421686747,0.9664804469273743,0.9555555555555556,0.9504950495049505
Thieme,Global,TDM Support,0,0,0,0,0,0,0,0.03468208092485549,0.0020408163265306124,0
Thieme,Global,ORCID,0.03759398496240601,0,0.006028131279303416,0.0293733681462141,0.10014836795252226,0.46203904555314534,0.5058139534883721,0.5317919075144508,0.6142857142857143,0.7509157509157509
Thieme,Global,Funder info,0.10526315789473684,0,0.008037508372404554,0.031331592689295036,0.07047477744807122,0.23210412147505424,0.23255813953488372,0.27552986512524086,0.3183673469387755,0.27106227106227104
Thieme,Global,Open Abstracts,0.9774436090225563,0.09761092150170649,0.12123241795043536,0.13642297650130547,0.25445103857566764,0.9392624728850325,0.9031007751937985,0.9017341040462428,0.9122448979591836,0.7838827838827839
Thieme,Global,Open Citations,0.09022556390977443,0.0013651877133105802,0.006028131279303416,0.09725848563968668,0.2603857566765579,0.9609544468546638,0.9573643410852714,0.9633911368015414,0.9571428571428572,0.9413919413919414
World Scientific,Germany,TDM Support,NA,NA,NA,NA,NA,NA,NA,NA,NA,NA
World Scientific,Germany,ORCID,NA,NA,NA,NA,NA,NA,NA,NA,NA,NA
World Scientific,Germany,Funder info,NA,NA,NA,NA,NA,NA,NA,NA,NA,NA
World Scientific,Germany,Open Abstracts,NA,NA,NA,NA,NA,NA,NA,NA,NA,NA
World Scientific,Germany,Open Citations,NA,NA,NA,NA,NA,NA,NA,NA,NA,NA
World Scientific,Global,TDM Support,NA,NA,NA,NA,NA,NA,NA,0,NA,NA
World Scientific,Global,ORCID,NA,NA,NA,NA,NA,NA,NA,1,NA,NA
World Scientific,Global,Funder info,NA,NA,NA,NA,NA,NA,NA,1,NA,NA
World Scientific,Global,Open Abstracts,NA,NA,NA,NA,NA,NA,NA,1,NA,NA
World Scientific,Global,Open Citations,NA,NA,NA,NA,NA,NA,NA,1,NA,NA
Bentham Science Publishers,Germany,TDM Support,0,0.5,0,0.5333333333333333,1,1,1,1,1,1
Bentham Science Publishers,Germany,ORCID,0,0,0,0.2,0.5,0.3333333333333333,0.5,0.75,1,0.5
Bentham Science Publishers,Germany,Funder info,0,0,0.09090909090909091,0.13333333333333333,0.35714285714285715,0.3333333333333333,0,0.75,0,0.5
Bentham Science Publishers,Germany,Open Abstracts,0,0.5,0.36363636363636365,0.8666666666666667,0.7857142857142857,1,1,1,1,1
Bentham Science Publishers,Germany,Open Citations,0,0.5,0.36363636363636365,0.6,0.5,0.6666666666666666,0.5,0.5,0.6666666666666666,0.5
Bentham Science Publishers,Global,TDM Support,0.5,0.6614583333333334,0.09090909090909091,0.38316400580551524,1,1,1,1,1,1
Bentham Science Publishers,Global,ORCID,0,0,0.0773524720893142,0.20899854862119013,0.302734375,0.5208333333333334,0.4875283446712018,0.40584415584415584,0.3910891089108911,0.4192546583850932
Bentham Science Publishers,Global,Funder info,0,0.03125,0.14513556618819776,0.11611030478955008,0.1513671875,0.53125,0.4421768707482993,0.4805194805194805,0.36633663366336633,0.2453416149068323
Bentham Science Publishers,Global,Open Abstracts,0.14285714285714285,0.22916666666666666,0.5127591706539075,0.6066763425253991,0.6142578125,1,1,0.9935064935064936,0.6633663366336634,0.687888198757764
Bentham Science Publishers,Global,Open Citations,0,0.16666666666666666,0.6068580542264753,0.5820029027576198,0.4638671875,0.8958333333333334,0.7891156462585034,0.4431818181818182,0.8722772277227723,0.7204968944099379
Brill,Germany,TDM Support,1,1,1,1,1,1,1,1,1,1
Brill,Germany,ORCID,0,0,0,0,0.2,0.4230769230769231,0.5866666666666667,0.6885245901639344,0.7014925373134329,0.7307692307692307
Brill,Germany,Funder info,0,0,0,0,0.016666666666666666,0.07692307692307693,0.13333333333333333,0.16393442622950818,0.26865671641791045,0.11538461538461539
Brill,Germany,Open Abstracts,0.3,0.47368421052631576,0.6538461538461539,0.7777777777777778,0.8,0.75,0.8533333333333334,0.9180327868852459,0.8805970149253731,0.9230769230769231
Brill,Germany,Open Citations,0.8,0.6842105263157895,0.46153846153846156,0.3333333333333333,0.5333333333333333,0.6153846153846154,0.7333333333333333,0.7049180327868853,0.6716417910447762,0.7307692307692307
Brill,Global,TDM Support,1,1,1,1,1,1,1,1,1,1
Brill,Global,ORCID,0.08333333333333333,0.010471204188481676,0,0.009198423127463863,0.2996594778660613,0.46509341199606685,0.5121951219512195,0.6232,0.6706161137440758,0.8138747884940778
Brill,Global,Funder info,0.04487179487179487,0.010471204188481676,0.009966777408637873,0.002628120893561104,0.04767309875141884,0.08456243854473942,0.09033423667570009,0.1128,0.11137440758293839,0.08798646362098139
Brill,Global,Open Abstracts,0.7564102564102564,0.7696335078534031,0.717607973421927,0.8567674113009198,0.8728717366628831,0.8652900688298918,0.8681120144534779,0.9224,0.8965244865718799,0.9170896785109983
Brill,Global,Open Citations,0.6666666666666666,0.6020942408376964,0.31893687707641194,0.2864651773981603,0.3564131668558456,0.5496558505408063,0.5591689250225835,0.576,0.6145339652448657,0.5854483925549916
"Mary Ann Liebert, Inc.",Germany,TDM Support,1,1,1,1,1,1,1,1,1,1
"Mary Ann Liebert, Inc.",Germany,ORCID,0,0,0,0.05,0.16666666666666666,0.7,0.5833333333333334,0.8571428571428571,0.6842105263157895,0.3333333333333333
"Mary Ann Liebert, Inc.",Germany,Funder info,0,0,0,0,0,0,0,0,0.15789473684210525,0.3333333333333333
"Mary Ann Liebert, Inc.",Germany,Open Abstracts,0.9230769230769231,1,0.9473684210526315,0.95,1,1,1,1,1,0.6666666666666666
"Mary Ann Liebert, Inc.",Germany,Open Citations,0.9230769230769231,1,1,1,1,1,1,1,1,1
"Mary Ann Liebert, Inc.",Global,TDM Support,1,1,1,1,1,1,1,1,1,1
"Mary Ann Liebert, Inc.",Global,ORCID,0,0,0,0.005813953488372093,0.25215889464594127,0.6758620689655173,0.7074688796680498,0.7555555555555555,0.7408056042031523,0.5392670157068062
"Mary Ann Liebert, Inc.",Global,Funder info,0,0,0,0.003875968992248062,0,0,0,0,0.07705779334500876,0.36649214659685864
"Mary Ann Liebert, Inc.",Global,Open Abstracts,0.8709677419354839,0.8823529411764706,0.9410681399631676,0.874031007751938,0.9326424870466321,0.9551724137931035,0.9253112033195021,0.9434343434343434,0.9404553415061296,0.8586387434554974
"Mary Ann Liebert, Inc.",Global,Open Citations,0.9596774193548387,0.9915966386554622,0.9871086556169429,0.9670542635658915,0.9844559585492227,0.9741379310344828,0.970954356846473,0.9636363636363636,0.9562171628721541,0.9528795811518325
American Psychological Association,Germany,TDM Support,0,0,0,0,0,0,0,0,0,0
American Psychological Association,Germany,ORCID,0.6666666666666666,0.4,0.25,0.8333333333333334,0.6111111111111112,0.7872340425531915,0.927536231884058,0.958904109589041,0.9690721649484536,0.967741935483871
American Psychological Association,Germany,Funder info,0.6666666666666666,0.4,0.08333333333333333,0,0.027777777777777776,0.02127659574468085,0,0.1506849315068493,0.26804123711340205,0.3548387096774194
American Psychological Association,Germany,Open Abstracts,0.3333333333333333,0.6,0.8333333333333334,1,0.9166666666666666,0.9787234042553191,0.9855072463768116,0.8082191780821918,0.6288659793814433,0.5
American Psychological Association,Germany,Open Citations,0.3333333333333333,0.6,0.9166666666666666,1,0.9722222222222222,0.9787234042553191,0.9855072463768116,0.8082191780821918,0.6288659793814433,0.5
American Psychological Association,Global,TDM Support,0,0.015151515151515152,0.031746031746031744,0.03333333333333333,0.010752688172043012,0.02912621359223301,0,0.002380952380952381,0.004405286343612335,0.004301075268817204
American Psychological Association,Global,ORCID,0.6833333333333333,0.6363636363636364,0.6349206349206349,0.8833333333333333,0.7634408602150538,0.8446601941747572,0.949685534591195,0.9761904761904762,0.9691629955947136,0.9634408602150538
American Psychological Association,Global,Funder info,0.8166666666666667,0.696969696969697,0.5873015873015873,0.55,0.23655913978494625,0.27184466019417475,0.34591194968553457,0.5952380952380952,0.6035242290748899,0.6258064516129033
American Psychological Association,Global,Open Abstracts,0.06666666666666667,0.21212121212121213,0.3333333333333333,0.36666666666666664,0.6559139784946236,0.6893203883495146,0.5786163522012578,0.2261904761904762,0.1512481644640235,0.11827956989247312
American Psychological Association,Global,Open Citations,0.06666666666666667,0.22727272727272727,0.38095238095238093,0.4166666666666667,0.6881720430107527,0.7281553398058253,0.5786163522012578,0.2261904761904762,0.16299559471365638,0.12258064516129032
Association for Computing Machinery,Germany,TDM Support,1,1,0.8666666666666667,0.84,0.8048780487804879,0.8936170212765957,0.875,0.9465648854961832,0.9777777777777777,0.034482758620689655
Association for Computing Machinery,Germany,ORCID,0,0,0.5333333333333333,0.52,0.4878048780487805,0.5106382978723404,0.9583333333333334,0.9770992366412213,0.9777777777777777,1
Association for Computing Machinery,Germany,Funder info,1,0,0.8666666666666667,0.6,0.8048780487804879,0.5957446808510638,0.6041666666666666,0.5725190839694656,0.5777777777777777,0.41379310344827586
Association for Computing Machinery,Germany,Open Abstracts,1,1,0.8666666666666667,0.84,0.7804878048780488,0.851063829787234,0.875,0.9389312977099237,1,0.9655172413793104
Association for Computing Machinery,Germany,Open Citations,1,1,1,1,1,1,1,1,1,0.9655172413793104
Association for Computing Machinery,Global,TDM Support,0.8552631578947368,0.9052631578947369,0.8492063492063492,0.7150837988826816,0.8284424379232506,0.8753943217665615,0.902834008097166,0.9496100779844031,0.9535483870967741,0.0031446540880503146
Association for Computing Machinery,Global,ORCID,0.2236842105263158,0.35789473684210527,0.42063492063492064,0.5251396648044693,0.3476297968397291,0.48580441640378547,0.9129554655870445,0.9544091181763648,0.952258064516129,0.9706498951781971
Association for Computing Machinery,Global,Funder info,0.7368421052631579,0.7578947368421053,0.6825396825396826,0.7039106145251397,0.7313769751693002,0.6324921135646687,0.6336032388663968,0.5914817036592681,0.5767741935483871,0.560796645702306
Association for Computing Machinery,Global,Open Abstracts,0.618421052631579,0.8526315789473684,0.7936507936507936,0.7262569832402235,0.8126410835214447,0.8485804416403786,0.8866396761133604,0.9358128374325135,0.9767741935483871,0.9716981132075472
Association for Computing Machinery,Global,Open Citations,0.9736842105263158,1,0.9841269841269841,0.994413407821229,0.9932279909706546,1,0.9949392712550608,0.9952009598080384,0.9896774193548387,0.9664570230607966
EDP Sciences,Germany,TDM Support,1,0.9523809523809523,0.8333333333333334,0.9076923076923077,0.824,0.8494623655913979,0.8333333333333334,0.8363636363636363,0.8529411764705882,0.7291666666666666
EDP Sciences,Germany,ORCID,0.23529411764705882,0.2857142857142857,0.08333333333333333,0.3384615384615385,0.552,0.7956989247311828,0.8452380952380952,0.8909090909090909,0.9117647058823529,0.7916666666666666
EDP Sciences,Germany,Funder info,0,0,0.08333333333333333,0.06153846153846154,0.88,0.8494623655913979,0.7619047619047619,0.8909090909090909,0.9411764705882353,0.8333333333333334
EDP Sciences,Germany,Open Abstracts,0,0.09523809523809523,0.5833333333333334,0.9846153846153847,0.968,0.956989247311828,0.9523809523809523,0.9636363636363636,1,0.9791666666666666
EDP Sciences,Germany,Open Citations,1,0.9523809523809523,1,1,0.992,0.967741935483871,0.9761904761904762,0.9818181818181818,1,0.9791666666666666
EDP Sciences,Global,TDM Support,0.9565217391304348,0.5,0.23204419889502761,0.2998102466793169,0.3547257876312719,0.3056426332288401,0.3392857142857143,0.3238095238095238,0.36034912718204487,0.4104803493449782
EDP Sciences,Global,ORCID,0.17391304347826086,0.16956521739130434,0.2154696132596685,0.349146110056926,0.5320886814469078,0.5344827586206896,0.5762987012987013,0.5873015873015873,0.6221945137157108,0.7489082969432315
EDP Sciences,Global,Funder info,0,0.034782608695652174,0.10220994475138122,0.14990512333965844,0.4795799299883314,0.47962382445141066,0.49512987012987014,0.5190476190476191,0.46758104738154616,0.48034934497816595
EDP Sciences,Global,Open Abstracts,0.057971014492753624,0.3826086956521739,0.585635359116022,0.8216318785578748,0.8984830805134189,0.8589341692789969,0.8701298701298701,0.8492063492063492,0.8428927680798005,0.7838427947598253
EDP Sciences,Global,Open Citations,1,0.8869565217391304,0.914364640883978,0.9240986717267552,0.9498249708284714,0.9169278996865203,0.9237012987012987,0.9317460317460318,0.9488778054862843,0.9388646288209607
IOS Press,Germany,TDM Support,0.35714285714285715,0.5714285714285714,0.2857142857142857,0.20588235294117646,0.2,0.1891891891891892,0.42424242424242425,0.43478260869565216,1,1
IOS Press,Germany,ORCID,0,0,0,0,0,0.02702702702702703,0.09090909090909091,0.21739130434782608,0.8775510204081632,0.8846153846153846
IOS Press,Germany,Funder info,0,0,0,0,0,0,0,0.06521739130434782,0.30612244897959184,0.4230769230769231
IOS Press,Germany,Open Abstracts,0.42857142857142855,0.5,0.2857142857142857,0.6470588235294118,1,0.9459459459459459,0.9393939393939394,0.9565217391304348,0.9387755102040817,1
IOS Press,Germany,Open Citations,1,1,1,0.9705882352941176,0.9666666666666667,0.972972972972973,0.9393939393939394,0.9565217391304348,0.9183673469387755,0.9230769230769231
IOS Press,Global,TDM Support,0.467680608365019,0.6390728476821192,0.5149700598802395,0.41318681318681316,0.24612403100775193,0.2332761578044597,0.375,0.5046948356807511,1,1
IOS Press,Global,ORCID,0,0,0,0.017582417582417582,0.027131782945736434,0.07547169811320754,0.10119047619047619,0.1619718309859155,0.7833981841763943,0.848780487804878
IOS Press,Global,Funder info,0,0,0,0,0,0,0,0.03169014084507042,0.42412451361867703,0.47317073170731705
IOS Press,Global,Open Abstracts,0.4714828897338403,0.5927152317880795,0.5209580838323353,0.676923076923077,0.9689922480620154,0.9605488850771869,0.9717261904761905,0.9706572769953051,0.9831387808041504,0.9926829268292683
IOS Press,Global,Open Citations,0.9467680608365019,0.9602649006622517,0.9760479041916168,0.9538461538461539,0.9612403100775194,0.9331046312178388,0.9330357142857143,0.9190140845070423,0.9273670557717251,0.9365853658536586
American Society of Civil Engineers,Germany,TDM Support,NA,NA,NA,NA,0,0,NA,0,0,0
American Society of Civil Engineers,Germany,ORCID,NA,NA,NA,NA,0.6666666666666666,1,NA,1,1,1
American Society of Civil Engineers,Germany,Funder info,NA,NA,NA,NA,0,0,NA,0,0,0
American Society of Civil Engineers,Germany,Open Abstracts,NA,NA,NA,NA,0,0,NA,0,0,0.3333333333333333
American Society of Civil Engineers,Germany,Open Citations,NA,NA,NA,NA,1,1,NA,1,1,1
American Society of Civil Engineers,Global,TDM Support,NA,NA,NA,0,0,0,0,0,0,0
American Society of Civil Engineers,Global,ORCID,NA,NA,NA,0.8888888888888888,0.8571428571428571,0.9090909090909091,0.8947368421052632,0.9032258064516129,0.9512195121951219,0.8846153846153846
American Society of Civil Engineers,Global,Funder info,NA,NA,NA,0,0,0,0,0,0,0.038461538461538464
American Society of Civil Engineers,Global,Open Abstracts,NA,NA,NA,0,0,0,0,0,0,0.07692307692307693
American Society of Civil Engineers,Global,Open Citations,NA,NA,NA,1,1,1,1,1,1,1
Karger,Germany,TDM Support,1,1,1,1,1,1,1,1,0.4854368932038835,0
Karger,Germany,ORCID,0.3333333333333333,0.6,0.15789473684210525,0.46938775510204084,0.5528455284552846,0.7920792079207921,0.36893203883495146,0.2828282828282828,0.6796116504854369,0.8378378378378378
Karger,Germany,Funder info,0,0,0,0,0.008130081300813009,0.009900990099009901,0.009708737864077669,0,0.019417475728155338,0
Karger,Germany,Open Abstracts,1,1,1,0.9897959183673469,1,0.9801980198019802,0.9611650485436893,0.9595959595959596,0.9902912621359223,0.972972972972973
Karger,Germany,Open Citations,0.4444444444444444,0.7333333333333333,0.7894736842105263,0.9591836734693877,0.9512195121951219,0.7524752475247525,0.6213592233009708,0.9292929292929293,0.970873786407767,1
Karger,Global,TDM Support,0.9292929292929293,1,1,1,1,1,1,1,0.4952290076335878,0.03247863247863248
Karger,Global,ORCID,0.29292929292929293,0.4773662551440329,0.45569620253164556,0.4794520547945205,0.6083009079118028,0.8283093053735255,0.4044265593561368,0.28600612870275793,0.6717557251908397,0.7692307692307693
Karger,Global,Funder info,0,0,0,0,0.0025940337224383916,0.00655307994757536,0.006036217303822937,0.0030643513789581204,0.006679389312977099,0.010256410256410256
Karger,Global,Open Abstracts,0.9040404040404041,0.8930041152263375,0.9240506329113924,0.95662100456621,0.9623865110246433,0.9646133682830931,0.959758551307847,0.9632277834525026,0.9637404580152672,0.9641025641025641
Karger,Global,Open Citations,0.5454545454545454,0.45267489711934156,0.6371308016877637,0.9337899543378996,0.959792477302205,0.8112712975098296,0.6981891348088531,0.9519918283963228,0.9341603053435115,0.6837606837606838
National Academy of Sciences,Germany,TDM Support,0,0,0,0,0,0,0,0,0,0
National Academy of Sciences,Germany,ORCID,0.6153846153846154,0.7647058823529411,0.875,0.9523809523809523,0.9788732394366197,0.9900990099009901,1,0.9953051643192489,0.9959514170040485,0.9844961240310077
National Academy of Sciences,Germany,Funder info,0.6153846153846154,0.696078431372549,0.65625,0.6190476190476191,0.5985915492957746,0.6633663366336634,0.8,0.7652582159624414,0.7732793522267206,0.7829457364341085
National Academy of Sciences,Germany,Open Abstracts,1,1,0.9270833333333334,0.8809523809523809,0.9507042253521126,0.9158415841584159,0.9333333333333333,0.9061032863849765,0.8704453441295547,0.9534883720930233
National Academy of Sciences,Germany,Open Citations,1,1,1,1,1,1,0.9794871794871794,1,1,1
National Academy of Sciences,Global,TDM Support,0,0,0,0,0,0,0,0,0,0
National Academy of Sciences,Global,ORCID,0.6037735849056604,0.7144082332761578,0.821401077752117,0.9552429667519181,0.9819987585350713,0.939289501590668,0.9490500863557858,0.9608050847457628,0.9753269183320997,0.9780126849894292
National Academy of Sciences,Global,Funder info,0.7735849056603774,0.758147512864494,0.7859892224788299,0.7563938618925832,0.7243947858472998,0.7272004241781548,0.8146229130685089,0.8352754237288136,0.8238341968911918,0.813953488372093
National Academy of Sciences,Global,Open Abstracts,1,0.9982847341337907,0.970746728252502,0.9526854219948849,0.9515828677839852,0.8860021208907741,0.886873920552677,0.8948622881355932,0.9008142116950407,0.9006342494714588
National Academy of Sciences,Global,Open Citations,1,1,1,1,1,0.9994697773064687,0.9784110535405872,0.9989406779661016,0.998766345916605,0.9987315010570824
Optica Publishing Group,Germany,TDM Support,0,NA,NA,0,0,0,0,0,0,NA
Optica Publishing Group,Germany,ORCID,1,NA,NA,0.5,0.6666666666666666,1,1,1,1,NA
Optica Publishing Group,Germany,Funder info,1,NA,NA,0.75,1,1,0.8,0.6,1,NA
Optica Publishing Group,Germany,Open Abstracts,0,NA,NA,1,1,1,1,1,1,NA
Optica Publishing Group,Germany,Open Citations,1,NA,NA,1,1,1,1,1,1,NA
Optica Publishing Group,Global,TDM Support,0,0,0,0,0,0,0,0,0,0
Optica Publishing Group,Global,ORCID,0.21428571428571427,0.7045454545454546,0.8214285714285714,0.8636363636363636,0.8378378378378378,0.9814814814814815,0.9868421052631579,0.9642857142857143,0.9745762711864406,0.9607843137254902
Optica Publishing Group,Global,Funder info,0.8928571428571429,0.9545454545454546,1,0.9772727272727273,0.9459459459459459,0.9444444444444444,0.868421052631579,0.8809523809523809,0.9576271186440678,0.9215686274509803
Optica Publishing Group,Global,Open Abstracts,0,0,0.03571428571428571,1,1,1,1,1,1,1
Optica Publishing Group,Global,Open Citations,1,1,1,1,1,1,1,1,1,1
Trans Tech Publications,Germany,TDM Support,0,0,0,0,0,0,0,0,0,0
Trans Tech Publications,Germany,ORCID,0.0967741935483871,0.07692307692307693,0.2222222222222222,1,0,0.5555555555555556,0.5652173913043478,0.6818181818181818,0.7777777777777778,0.6124031007751938
Trans Tech Publications,Germany,Funder info,0,0,0,0,0,0,0,0,0,0
Trans Tech Publications,Germany,Open Abstracts,1,1,1,1,1,1,1,1,1,1
Trans Tech Publications,Germany,Open Citations,0,1,1,1,1,0.9888888888888889,1,1,1,1
Trans Tech Publications,Global,TDM Support,0,0,0,0,0,0,0,0,0,0
Trans Tech Publications,Global,ORCID,0.16981132075471697,0.14035087719298245,0.17647058823529413,0.42105263157894735,0.3333333333333333,0.5601965601965602,0.5683453237410072,0.4973821989528796,0.41935483870967744,0.5237113402061856
Trans Tech Publications,Global,Funder info,0,0,0,0,0,0,0,0,0,0
Trans Tech Publications,Global,Open Abstracts,1,0.9941520467836257,1,1,1,1,1,1,1,1
Trans Tech Publications,Global,Open Citations,0,0.9941520467836257,1,1,1,0.9803439803439803,0.9712230215827338,0.9842931937172775,1,0.9979381443298969
Optica Optica Publishing Group,Germany,TDM Support,0,NA,NA,0,0,0,0,0,0,NA
Optica Optica Publishing Group,Germany,ORCID,1,NA,NA,0.5,0.6666666666666666,1,1,1,1,NA
Optica Optica Publishing Group,Germany,Funder info,1,NA,NA,0.75,1,1,0.8,0.6,1,NA
Optica Optica Publishing Group,Germany,Open Abstracts,0,NA,NA,1,1,1,1,1,1,NA
Optica Optica Publishing Group,Germany,Open Citations,1,NA,NA,1,1,1,1,1,1,NA
Optica Optica Publishing Group,Global,TDM Support,0,0,0,0,0,0,0,0,0,0
Optica Optica Publishing Group,Global,ORCID,0.21428571428571427,0.7380952380952381,0.8214285714285714,0.8636363636363636,0.8378378378378378,0.9814814814814815,0.9866666666666667,0.9868421052631579,0.9736842105263158,0.96
Optica Optica Publishing Group,Global,Funder info,0.8928571428571429,0.9523809523809523,1,0.9772727272727273,0.9459459459459459,0.9444444444444444,0.8666666666666667,0.9078947368421053,0.956140350877193,0.92
Optica Optica Publishing Group,Global,Open Abstracts,0,0,0.03571428571428571,1,1,1,1,1,1,1
Optica Optica Publishing Group,Global,Open Citations,1,1,1,1,1,1,1,1,1,1
American Society of Mechanical Engineers,Germany,TDM Support,NA,NA,NA,NA,NA,NA,NA,NA,0,0
American Society of Mechanical Engineers,Germany,ORCID,NA,NA,NA,NA,NA,NA,NA,NA,0.6521739130434783,0.3333333333333333
American Society of Mechanical Engineers,Germany,Funder info,NA,NA,NA,NA,NA,NA,NA,NA,0.34782608695652173,0.3333333333333333
American Society of Mechanical Engineers,Germany,Open Abstracts,NA,NA,NA,NA,NA,NA,NA,NA,1,1
American Society of Mechanical Engineers,Germany,Open Citations,NA,NA,NA,NA,NA,NA,NA,NA,0.9565217391304348,0.9047619047619048
American Society of Mechanical Engineers,Global,TDM Support,NA,NA,NA,NA,NA,NA,NA,0,0,0
American Society of Mechanical Engineers,Global,ORCID,NA,NA,NA,NA,NA,NA,NA,0,0.3224043715846995,0.2549019607843137
American Society of Mechanical Engineers,Global,Funder info,NA,NA,NA,NA,NA,NA,NA,0,0.3224043715846995,0.37254901960784315
American Society of Mechanical Engineers,Global,Open Abstracts,NA,NA,NA,NA,NA,NA,NA,1,1,1
American Society of Mechanical Engineers,Global,Open Citations,NA,NA,NA,NA,NA,NA,NA,1,0.9672131147540983,0.9137254901960784
MA Healthcare,Germany,TDM Support,NA,NA,NA,NA,NA,NA,NA,NA,NA,NA
MA Healthcare,Germany,ORCID,NA,NA,NA,NA,NA,NA,NA,NA,NA,NA
MA Healthcare,Germany,Funder info,NA,NA,NA,NA,NA,NA,NA,NA,NA,NA
MA Healthcare,Germany,Open Abstracts,NA,NA,NA,NA,NA,NA,NA,NA,NA,NA
MA Healthcare,Germany,Open Citations,NA,NA,NA,NA,NA,NA,NA,NA,NA,NA
MA Healthcare,Global,TDM Support,NA,NA,NA,NA,NA,NA,NA,NA,NA,0
MA Healthcare,Global,ORCID,NA,NA,NA,NA,NA,NA,NA,NA,NA,0.6842105263157895
MA Healthcare,Global,Funder info,NA,NA,NA,NA,NA,NA,NA,NA,NA,0.22556390977443608
MA Healthcare,Global,Open Abstracts,NA,NA,NA,NA,NA,NA,NA,NA,NA,0.8796992481203008
MA Healthcare,Global,Open Citations,NA,NA,NA,NA,NA,NA,NA,NA,NA,1
The Royal Society,Germany,TDM Support,1,1,NA,1,1,1,1,1,0.946969696969697,0
The Royal Society,Germany,ORCID,1,1,NA,1,1,0.9583333333333334,0.9791666666666666,0.9739130434782609,0.9924242424242424,0.9736842105263158
The Royal Society,Germany,Funder info,0.5,1,NA,0.8518518518518519,0.8620689655172413,0.6666666666666666,0.8333333333333334,0.8347826086956521,0.8484848484848485,0.7368421052631579
The Royal Society,Germany,Open Abstracts,1,1,NA,1,0.9655172413793104,1,0.9791666666666666,0.9652173913043478,0.9621212121212122,0.9605263157894737
The Royal Society,Germany,Open Citations,1,1,NA,1,1,0.9583333333333334,0.9791666666666666,0.9826086956521739,0.9924242424242424,0.9605263157894737
The Royal Society,Global,TDM Support,1,1,1,1,1,1,1,1,0.9194382852919438,0
The Royal Society,Global,ORCID,0.9534883720930233,0.9807692307692307,1,0.9956521739130435,0.9759036144578314,0.9405405405405406,0.964769647696477,0.9736170212765958,0.9800443458980045,0.9817684594348223
The Royal Society,Global,Funder info,0.813953488372093,0.8653846153846154,0.875,0.8652173913043478,0.8072289156626506,0.7567567567567568,0.6964769647696477,0.7957446808510639,0.7716186252771619,0.7675478577939836
The Royal Society,Global,Open Abstracts,0.7906976744186046,0.9038461538461539,0.875,0.9978260869565218,0.9718875502008032,0.8972972972972973,0.9214092140921409,0.9506382978723404,0.9445676274944568,0.9626253418413856
The Royal Society,Global,Open Citations,0.9069767441860465,0.9230769230769231,0.875,0.9978260869565218,0.9879518072289156,0.9135135135135135,0.9295392953929539,0.9693617021276596,0.9704360679970436,0.9726526891522334
Canadian Science Publishing,Germany,TDM Support,NA,NA,NA,NA,NA,1,1,1,1,1
Canadian Science Publishing,Germany,ORCID,NA,NA,NA,NA,NA,1,1,1,1,1
Canadian Science Publishing,Germany,Funder info,NA,NA,NA,NA,NA,0,0,0.8,0.5,0.6666666666666666
Canadian Science Publishing,Germany,Open Abstracts,NA,NA,NA,NA,NA,1,1,1,1,1
Canadian Science Publishing,Germany,Open Citations,NA,NA,NA,NA,NA,1,1,1,1,1
Canadian Science Publishing,Global,TDM Support,NA,NA,NA,NA,NA,1,1,1,1,1
Canadian Science Publishing,Global,ORCID,NA,NA,NA,NA,NA,0.7307692307692307,0.9797979797979798,0.9905660377358491,0.9916247906197655,0.990228013029316
Canadian Science Publishing,Global,Funder info,NA,NA,NA,NA,NA,0.09230769230769231,0.08080808080808081,0.7900943396226415,0.7839195979899497,0.7980456026058632
Canadian Science Publishing,Global,Open Abstracts,NA,NA,NA,NA,NA,1,0.9831649831649831,0.9929245283018868,1,0.996742671009772
Canadian Science Publishing,Global,Open Citations,NA,NA,NA,NA,NA,1,0.9831649831649831,0.9929245283018868,1,1
American Meteorological Society,Germany,TDM Support,0,NA,0,1,1,1,1,1,1,1
American Meteorological Society,Germany,ORCID,0,NA,0.3333333333333333,0,0,0.2,0.3333333333333333,0.8888888888888888,0.6,1
American Meteorological Society,Germany,Funder info,1,NA,1,1,0.375,0.4,0.5555555555555556,0.6666666666666666,0.6,0.25
American Meteorological Society,Germany,Open Abstracts,1,NA,1,1,0.875,1,0.6666666666666666,1,1,0.5
American Meteorological Society,Germany,Open Citations,1,NA,1,1,0.875,1,1,1,1,1
American Meteorological Society,Global,TDM Support,0.02040816326530612,0,0.1,0.8888888888888888,1,1,1,1,1,1
American Meteorological Society,Global,ORCID,0.12244897959183673,0.09090909090909091,0.2,0.16666666666666666,0.08695652173913043,0.3090909090909091,0.6375,0.7432432432432432,0.7285714285714285,0.8536585365853658
American Meteorological Society,Global,Funder info,0.8367346938775511,0.8484848484848485,0.9,1,0.2608695652173913,0.4727272727272727,0.7375,0.7702702702702703,0.7,0.5365853658536586
American Meteorological Society,Global,Open Abstracts,1,0.9696969696969697,1,1,0.9565217391304348,0.9090909090909091,0.925,0.918918918918919,0.9285714285714286,0.8536585365853658
American Meteorological Society,Global,Open Citations,1,1,1,1,0.6086956521739131,1,0.9875,1,0.9857142857142858,0.8780487804878049
Future Science Group,Germany,TDM Support,0,0,0,0,0,0,0,0,0.043478260869565216,0.14285714285714285
Future Science Group,Germany,ORCID,0,0,0.17647058823529413,0.6190476190476191,0.8125,0.6875,0.5454545454545454,0.5294117647058824,0.5217391304347826,0.5714285714285714
Future Science Group,Germany,Funder info,0.25,0.8571428571428571,0.47058823529411764,0.6666666666666666,0.75,0.8125,0.6363636363636364,0.4117647058823529,0.6521739130434783,0.5714285714285714
Future Science Group,Germany,Open Abstracts,0,0,0,0,0,0,0,0,0,0
Future Science Group,Germany,Open Citations,1,1,1,1,0.9375,0.875,0.7272727272727273,0.7058823529411765,0.6956521739130435,0.8571428571428571
Future Science Group,Global,TDM Support,0,0,0,0,0,0,0,0,0.031818181818181815,0.13218390804597702
Future Science Group,Global,ORCID,0,0,0.17551020408163265,0.6811023622047244,0.847887323943662,0.8123249299719888,0.6909620991253644,0.7185792349726776,0.4159090909090909,0.3850574712643678
Future Science Group,Global,Funder info,0.4327485380116959,0.4666666666666667,0.5673469387755102,0.6968503937007874,0.7492957746478873,0.7142857142857143,0.717201166180758,0.5983606557377049,0.6136363636363636,0.5804597701149425
Future Science Group,Global,Open Abstracts,0,0,0,0,0,0,0,0.00546448087431694,0,0
Future Science Group,Global,Open Citations,0.9883040935672515,1,1,0.9960629921259843,0.9605633802816902,0.8907563025210085,0.7784256559766763,0.8142076502732241,0.7704545454545455,0.7816091954022989
CSIRO Publishing,Germany,TDM Support,0,0,NA,0,0,0,0,0,0,0
CSIRO Publishing,Germany,ORCID,0,0,NA,0.75,0.9,1,0.8333333333333334,1,1,0.5555555555555556
CSIRO Publishing,Germany,Funder info,0,0,NA,0,0,0,0.6666666666666666,1,0.3333333333333333,0.1111111111111111
CSIRO Publishing,Germany,Open Abstracts,1,1,NA,1,1,1,1,1,1,0.6666666666666666
CSIRO Publishing,Germany,Open Citations,1,1,NA,1,0.9,1,1,1,1,0.6666666666666666
CSIRO Publishing,Global,TDM Support,0,0,0,0,0,0,0,0,0,0
CSIRO Publishing,Global,ORCID,0,0.20149253731343283,0.480225988700565,0.6900826446280992,0.8401015228426396,0.8558875219683656,0.8879159369527145,0.8766233766233766,0.8871428571428571,0.5355191256830601
CSIRO Publishing,Global,Funder info,0,0,0,0,0,0,0.5989492119089317,0.6055194805194806,0.44285714285714284,0.0018214936247723133
CSIRO Publishing,Global,Open Abstracts,1,0.9925373134328358,0.9887005649717514,0.9834710743801653,0.9949238578680203,0.9912126537785588,0.9912434325744308,0.9951298701298701,0.9957142857142857,0.6247723132969034
CSIRO Publishing,Global,Open Citations,1,0.9701492537313433,0.9717514124293786,0.9752066115702479,0.9771573604060914,0.9806678383128296,0.978984238178634,0.9707792207792207,0.98,0.6265938069216758
John Benjamins Publishing,Germany,TDM Support,NA,0,0,0,0,0,0,0,0,0
John Benjamins Publishing,Germany,ORCID,NA,1,0.25,0.625,0.8333333333333334,0.5217391304347826,0.8571428571428571,0.7631578947368421,0.7692307692307693,1
John Benjamins Publishing,Germany,Funder info,NA,0,0,0,0,0,0,0.05263157894736842,0.09230769230769231,0.15384615384615385
John Benjamins Publishing,Germany,Open Abstracts,NA,1,1,1,1,0.8260869565217391,0.8095238095238095,0.7631578947368421,0.8153846153846154,0.8461538461538461
John Benjamins Publishing,Germany,Open Citations,NA,1,1,1,1,0.9130434782608695,1,1,1,1
John Benjamins Publishing,Global,TDM Support,0,0,0,0,0,0,0,0.0031847133757961785,0.002717391304347826,0.08296943231441048
John Benjamins Publishing,Global,ORCID,0.24,0.3448275862068966,0.62,0.6216216216216216,0.7215189873417721,0.3403990024937656,0.7377049180327869,0.802547770700637,0.842391304347826,0.9388646288209607
John Benjamins Publishing,Global,Funder info,0,0,0.1,0.20270270270270271,0.0379746835443038,0.006234413965087282,0.03278688524590164,0.03184713375796178,0.05434782608695652,0.07423580786026202
John Benjamins Publishing,Global,Open Abstracts,0.92,0.896551724137931,0.96,0.9864864864864865,0.9240506329113924,0.7543640897755611,0.7650273224043715,0.8248407643312102,0.7934782608695652,0.8253275109170306
John Benjamins Publishing,Global,Open Citations,1,1,1,1,0.9873417721518988,0.9800498753117207,0.9781420765027322,0.9904458598726115,0.9809782608695652,0.9912663755458515
The Company of Biologists,Germany,TDM Support,0,0,0,0,0,0,0,0,0,0
The Company of Biologists,Germany,ORCID,1,1,1,1,1,0.9722222222222222,1,1,0.9782608695652174,1
The Company of Biologists,Germany,Funder info,1,0.9,0.9285714285714286,1,0.9411764705882353,0.9444444444444444,1,1,0.9782608695652174,1
The Company of Biologists,Germany,Open Abstracts,1,1,1,1,1,1,1,1,1,1
The Company of Biologists,Germany,Open Citations,1,1,1,1,1,1,1,1,1,1
The Company of Biologists,Global,TDM Support,0,0,0,0,0,0,0,0,0,0
The Company of Biologists,Global,ORCID,0.9791666666666666,0.9836065573770492,0.9821428571428571,0.9763779527559056,0.98989898989899,0.9855907780979827,0.9847715736040609,0.9857723577235772,0.9879759519038076,0.9730639730639731
The Company of Biologists,Global,Funder info,0.9583333333333334,0.9754098360655737,0.9642857142857143,0.968503937007874,0.9797979797979798,0.9798270893371758,0.9847715736040609,0.983739837398374,0.9799599198396793,0.9764309764309764
The Company of Biologists,Global,Open Abstracts,0.9791666666666666,0.9918032786885246,0.9821428571428571,0.9763779527559056,0.9966329966329966,0.9884726224783862,0.9873096446700508,0.9878048780487805,0.9899799599198397,0.9831649831649831
The Company of Biologists,Global,Open Citations,0.9791666666666666,0.9918032786885246,0.9821428571428571,0.9763779527559056,0.9966329966329966,0.9884726224783862,0.9873096446700508,0.9878048780487805,0.9899799599198397,0.9831649831649831
SPIE,Germany,TDM Support,NA,NA,NA,NA,NA,NA,NA,NA,NA,NA
SPIE,Germany,ORCID,NA,NA,NA,NA,NA,NA,NA,NA,NA,NA
SPIE,Germany,Funder info,NA,NA,NA,NA,NA,NA,NA,NA,NA,NA
SPIE,Germany,Open Abstracts,NA,NA,NA,NA,NA,NA,NA,NA,NA,NA
SPIE,Germany,Open Citations,NA,NA,NA,NA,NA,NA,NA,NA,NA,NA
SPIE,Global,TDM Support,NA,NA,0,0,0,0,0,NA,NA,NA
SPIE,Global,ORCID,NA,NA,0,0,0,0,0,NA,NA,NA
SPIE,Global,Funder info,NA,NA,1,1,1,1,1,NA,NA,NA
SPIE,Global,Open Abstracts,NA,NA,0,0,0,0,0,NA,NA,NA
SPIE,Global,Open Citations,NA,NA,1,0.5,0.3333333333333333,0.3333333333333333,1,NA,NA,NA
American Thoracic Society,Germany,TDM Support,NA,NA,0,0,0,0,0,0,0,0
American Thoracic Society,Germany,ORCID,NA,NA,0.6153846153846154,0.6,0.75,0.6190476190476191,0.8181818181818182,0.9166666666666666,0.8125,0.8
American Thoracic Society,Germany,Funder info,NA,NA,0.07692307692307693,0,0,0.5714285714285714,0.5,0.6666666666666666,0.5625,1
American Thoracic Society,Germany,Open Abstracts,NA,NA,0.23076923076923078,0.08,0.08333333333333333,0.14285714285714285,0.3181818181818182,0.3333333333333333,0.375,0.8
American Thoracic Society,Germany,Open Citations,NA,NA,1,1,1,1,1,1,1,1
American Thoracic Society,Global,TDM Support,NA,NA,0,0,0,0,0,0,0,0
American Thoracic Society,Global,ORCID,NA,NA,0.6545454545454545,0.7144992526158446,0.6763803680981595,0.7342192691029901,0.7839721254355401,0.7910447761194029,0.743103448275862,0.8024691358024691
American Thoracic Society,Global,Funder info,NA,NA,0.14545454545454545,0,0.019938650306748466,0.4750830564784053,0.4372822299651568,0.4197761194029851,0.4051724137931034,0.8518518518518519
American Thoracic Society,Global,Open Abstracts,NA,NA,0.12207792207792208,0.13303437967115098,0.17177914110429449,0.17940199335548174,0.1794425087108014,0.1828358208955224,0.16379310344827586,0.6419753086419753
American Thoracic Society,Global,Open Citations,NA,NA,0.9974025974025974,1,0.9969325153374233,0.9950166112956811,0.9878048780487805,0.9813432835820896,0.9793103448275862,1
Akadémiai Kiadó,Germany,TDM Support,1,NA,NA,1,1,1,1,1,1,1
Akadémiai Kiadó,Germany,ORCID,0,NA,NA,0.3333333333333333,0,0.5,0.6666666666666666,0,0.4,1
Akadémiai Kiadó,Germany,Funder info,0,NA,NA,0,0,0,0.16666666666666666,0,0.2,0
Akadémiai Kiadó,Germany,Open Abstracts,1,NA,NA,1,1,1,0.8333333333333334,1,1,1
Akadémiai Kiadó,Germany,Open Citations,0,NA,NA,0.3333333333333333,0,1,0.6666666666666666,1,1,1
Akadémiai Kiadó,Global,TDM Support,1,1,1,1,1,1,1,1,1,1
Akadémiai Kiadó,Global,ORCID,0,0,0,0.07858546168958742,0.25,0.37992831541218636,0.43575418994413406,0.5121951219512195,0.6596491228070176,0.8390092879256966
Akadémiai Kiadó,Global,Funder info,0,0,0.0053475935828877,0.05697445972495088,0.1,0.12903225806451613,0.1191806331471136,0.15196998123827393,0.14210526315789473,0.10835913312693499
Akadémiai Kiadó,Global,Open Abstracts,0.972972972972973,1,0.9197860962566845,0.9194499017681729,0.9666666666666667,0.9623655913978495,0.931098696461825,0.9174484052532833,0.9263157894736842,0.891640866873065
Akadémiai Kiadó,Global,Open Citations,0.05405405405405406,0.5666666666666667,0.8074866310160428,0.2180746561886051,0.7916666666666666,0.9301075268817204,0.9031657355679702,0.926829268292683,0.956140350877193,0.9256965944272446
Microbiology Society,Germany,TDM Support,0,0,0,0,0,0,0,0,0,0
Microbiology Society,Germany,ORCID,0,0,1,1,1,0.9090909090909091,0.9,0.9285714285714286,0.8235294117647058,1
Microbiology Society,Germany,Funder info,0,0,0,0.4444444444444444,0.5384615384615384,0.5454545454545454,0.5,0.5714285714285714,1,0.8181818181818182
Microbiology Society,Germany,Open Abstracts,1,1,1,1,1,0.9090909090909091,1,1,1,1
Microbiology Society,Germany,Open Citations,1,1,1,1,1,1,1,1,1,1
Microbiology Society,Global,TDM Support,0,0,0,0,0,0,0,0,0,0
Microbiology Society,Global,ORCID,0,0,0.24242424242424243,0.8416666666666667,0.9065420560747663,0.9210526315789473,0.83984375,0.8411552346570397,0.8655256723716381,0.9198113207547169
Microbiology Society,Global,Funder info,0,0,0.015151515151515152,0.65,0.7383177570093458,0.6052631578947368,0.5859375,0.6859205776173285,0.7237163814180929,0.7924528301886793
Microbiology Society,Global,Open Abstracts,0.9883720930232558,1,1,0.9583333333333334,0.9813084112149533,0.9473684210526315,0.9453125,0.8880866425992779,0.9168704156479217,0.9386792452830188
Microbiology Society,Global,Open Citations,0.9883720930232558,1,1,0.975,0.9953271028037384,0.9842105263157894,0.99609375,0.9819494584837545,0.9828850855745721,0.9952830188679245
Hogrefe,Germany,TDM Support,0,0,0,0,0,0,0,0,0,0
Hogrefe,Germany,ORCID,0,0,0.23076923076923078,0.5294117647058824,0.3561643835616438,0.655,0.8440366972477065,0.8251121076233184,0.8362831858407079,0.7984496124031008
Hogrefe,Germany,Funder info,0,0,0,0,0,0,0,0,0,0
Hogrefe,Germany,Open Abstracts,1,1,0.8461538461538461,0.9705882352941176,0.9863013698630136,1,0.9954128440366973,0.9955156950672646,0.9823008849557522,0.9922480620155039
Hogrefe,Germany,Open Citations,1,1,0.9615384615384616,1,0.9931506849315068,0.995,0.9954128440366973,1,1,1
Hogrefe,Global,TDM Support,0,0,0,0,0,0,0,0,0,0
Hogrefe,Global,ORCID,0,0,0.22727272727272727,0.6101694915254238,0.4157303370786517,0.6680327868852459,0.8571428571428571,0.8364312267657993,0.8461538461538461,0.7901234567901234
Hogrefe,Global,Funder info,0,0,0,0,0,0,0,0,0,0
Hogrefe,Global,Open Abstracts,1,1,0.8863636363636364,0.9661016949152542,0.9887640449438202,0.9959016393442623,0.996031746031746,0.9925650557620818,0.958041958041958,0.9814814814814815
Hogrefe,Global,Open Citations,1,1,0.9772727272727273,1,0.9943820224719101,0.9959016393442623,0.996031746031746,1,1,1
American Speech Language Association,Germany,TDM Support,NA,0,NA,NA,NA,NA,NA,NA,NA,NA
American Speech Language Association,Germany,ORCID,NA,0,NA,NA,NA,NA,NA,NA,NA,NA
American Speech Language Association,Germany,Funder info,NA,0,NA,NA,NA,NA,NA,NA,NA,NA
American Speech Language Association,Germany,Open Abstracts,NA,1,NA,NA,NA,NA,NA,NA,NA,NA
American Speech Language Association,Germany,Open Citations,NA,1,NA,NA,NA,NA,NA,NA,NA,NA
American Speech Language Association,Global,TDM Support,0,0,0,NA,NA,NA,NA,NA,NA,NA
American Speech Language Association,Global,ORCID,0,0,0,NA,NA,NA,NA,NA,NA,NA
American Speech Language Association,Global,Funder info,0,0,0,NA,NA,NA,NA,NA,NA,NA
American Speech Language Association,Global,Open Abstracts,1,1,1,NA,NA,NA,NA,NA,NA,NA
American Speech Language Association,Global,Open Citations,1,1,1,NA,NA,NA,NA,NA,NA,NA
Rockefeller University Press,Germany,TDM Support,0,0,0,0,0,0,0,0,0,0
Rockefeller University Press,Germany,ORCID,1,1,1,1,1,1,1,1,1,1
Rockefeller University Press,Germany,Funder info,1,1,1,0.8571428571428571,1,1,1,1,1,1
Rockefeller University Press,Germany,Open Abstracts,1,1,1,1,1,1,1,1,1,1
Rockefeller University Press,Germany,Open Citations,1,1,1,1,1,1,1,1,1,1
Rockefeller University Press,Global,TDM Support,0.0821917808219178,0,0,0,0,0,0,0,0,0
Rockefeller University Press,Global,ORCID,0.9726027397260274,0.7865168539325843,0.8041237113402062,0.8369565217391305,0.8880597014925373,0.9239130434782609,0.9076923076923077,0.9182692307692307,0.8681318681318682,0.8764044943820225
Rockefeller University Press,Global,Funder info,0.9726027397260274,0.7865168539325843,0.7938144329896907,0.7608695652173914,0.8880597014925373,0.8913043478260869,0.8666666666666667,0.8557692307692307,0.8516483516483516,0.8089887640449438
Rockefeller University Press,Global,Open Abstracts,0.9726027397260274,0.7865168539325843,0.8041237113402062,0.8369565217391305,0.8880597014925373,0.9239130434782609,0.9076923076923077,0.9182692307692307,0.8681318681318682,0.8314606741573034
Rockefeller University Press,Global,Open Citations,0.9726027397260274,0.797752808988764,0.8041237113402062,0.8369565217391305,0.8880597014925373,0.9293478260869565,0.9128205128205128,0.9278846153846154,0.8901098901098901,0.8764044943820225
Portland Press,Germany,TDM Support,0,0,0,0,0,0,0,0,0,0
Portland Press,Germany,ORCID,0,0.5,1,0.9444444444444444,0.967741935483871,0.8947368421052632,1,1,1,1
Portland Press,Germany,Funder info,0,0,0,0,0,0,0.2222222222222222,0.4117647058823529,0.23529411764705882,0.7272727272727273
Portland Press,Germany,Open Abstracts,1,1,1,1,1,1,1,1,1,1
Portland Press,Germany,Open Citations,1,1,1,1,1,1,1,1,1,1
Portland Press,Global,TDM Support,0,0,0,0,0,0,0,0,0,0
Portland Press,Global,ORCID,0,0.41830065359477125,0.9681528662420382,0.9745098039215686,0.9802371541501976,0.9467787114845938,0.9774011299435028,0.984984984984985,0.9828431372549019,0.9311740890688259
Portland Press,Global,Funder info,0,0,0,0,0,0,0.192090395480226,0.5285285285285285,0.20588235294117646,0.805668016194332
Portland Press,Global,Open Abstracts,0.974025974025974,0.9869281045751634,0.9936305732484076,0.9980392156862745,0.9980237154150198,0.9971988795518207,0.9971751412429378,1,0.9901960784313726,0.9392712550607287
Portland Press,Global,Open Citations,0.974025974025974,0.9934640522875817,0.9936305732484076,0.996078431372549,0.9940711462450593,1,0.9943502824858758,0.990990990990991,0.9803921568627451,0.902834008097166
Bioscientifica,Germany,TDM Support,1,1,1,1,1,1,0.25,0.2,0.21428571428571427,0.16666666666666666
Bioscientifica,Germany,ORCID,0,0,0,0,1,0.9166666666666666,1,1,0.9285714285714286,1
Bioscientifica,Germany,Funder info,0,0,0,0,0,0,0.6666666666666666,0.8,0.8571428571428571,0.8333333333333334
Bioscientifica,Germany,Open Abstracts,1,1,1,1,1,1,1,1,0.9285714285714286,1
Bioscientifica,Germany,Open Citations,1,1,0,0,0.5,0.75,1,1,0.9285714285714286,1
Bioscientifica,Global,TDM Support,1,1,1,1,1,1,0.48125,0.5579710144927537,0.49,0.33088235294117646
Bioscientifica,Global,ORCID,0,0,0,0.25,0.32432432432432434,0.8879310344827587,0.99375,0.9637681159420289,0.95,0.9779411764705882
Bioscientifica,Global,Funder info,0,0,0,0,0,0,0.375,0.3695652173913043,0.585,0.6102941176470589
Bioscientifica,Global,Open Abstracts,0.9696969696969697,0.984375,0.9827586206896551,1,0.9459459459459459,0.9741379310344828,0.98125,0.9782608695652174,0.93,0.9338235294117647
Bioscientifica,Global,Open Citations,0.9848484848484849,1,0.6896551724137931,0.75,0.21621621621621623,0.6379310344827587,1,0.9637681159420289,0.955,0.9705882352941176
Bristol University Press,Germany,TDM Support,NA,NA,1,1,1,1,1,1,1,1
Bristol University Press,Germany,ORCID,NA,NA,0,0,0,0,0,0,0.2916666666666667,0.5
Bristol University Press,Germany,Funder info,NA,NA,0,0,0,0.3333333333333333,0,0,0.5416666666666666,1
Bristol University Press,Germany,Open Abstracts,NA,NA,1,1,1,1,0.6666666666666666,0.8,0.9166666666666666,1
Bristol University Press,Germany,Open Citations,NA,NA,1,1,1,1,1,1,1,1
Bristol University Press,Global,TDM Support,1,1,1,1,1,1,1,1,1,1
Bristol University Press,Global,ORCID,0.05263157894736842,0,0,0,0,0.028846153846153848,0.06422018348623854,0.05673758865248227,0.2696078431372549,0.8813559322033898
Bristol University Press,Global,Funder info,0,0,0.35294117647058826,0.05555555555555555,0,0.2692307692307692,0.08256880733944955,0.028368794326241134,0.5049019607843137,0.6949152542372882
Bristol University Press,Global,Open Abstracts,0.9473684210526315,1,0.9705882352941176,0.9444444444444444,1,0.9519230769230769,0.9541284403669725,0.9716312056737588,0.9852941176470589,0.9915254237288136
Bristol University Press,Global,Open Citations,0.05263157894736842,0,0.5294117647058824,0.9444444444444444,0.9705882352941176,0.9807692307692307,1,1,0.9901960784313726,1
The Geological Society of London,Germany,TDM Support,0,0,NA,0,0,0,0,0,0,0
The Geological Society of London,Germany,ORCID,1,1,NA,1,1,1,1,1,1,1
The Geological Society of London,Germany,Funder info,1,0.6666666666666666,NA,1,0.5,0.3333333333333333,0.6,0.6666666666666666,0.5,1
The Geological Society of London,Germany,Open Abstracts,1,1,NA,1,1,1,1,1,1,1
The Geological Society of London,Germany,Open Citations,1,1,NA,1,1,1,1,1,1,1
The Geological Society of London,Global,TDM Support,0.013888888888888888,0,0,0,0,0,0,0,0,0
The Geological Society of London,Global,ORCID,0.20833333333333334,0.5789473684210527,0.8064516129032258,0.9459459459459459,0.9696969696969697,0.9529411764705882,0.9947089947089947,0.9869281045751634,1,1
The Geological Society of London,Global,Funder info,0.18055555555555555,0.38596491228070173,0.532258064516129,0.47297297297297297,0.5151515151515151,0.49411764705882355,0.5343915343915344,0.5359477124183006,0.6363636363636364,0.6507936507936508
The Geological Society of London,Global,Open Abstracts,0.8333333333333334,0.9473684210526315,0.8709677419354839,0.918918918918919,0.9545454545454546,1,1,0.934640522875817,0.9834710743801653,1
The Geological Society of London,Global,Open Citations,1,0.9824561403508771,1,1,1,1,1,0.9934640522875817,0.9917355371900827,1
European Respiratory Society,Germany,TDM Support,NA,NA,0,0,0,0,0,0,0,0
European Respiratory Society,Germany,ORCID,NA,NA,0.75,0.9333333333333333,1,0.8421052631578947,1,0.8333333333333334,1,0
European Respiratory Society,Germany,Funder info,NA,NA,0.5,0.6,0.5882352941176471,0.7894736842105263,0.6666666666666666,0.9166666666666666,0.6153846153846154,1
European Respiratory Society,Germany,Open Abstracts,NA,NA,0.5,0.26666666666666666,0.5882352941176471,0.5789473684210527,0.5833333333333334,0.6666666666666666,0.5384615384615384,0
European Respiratory Society,Germany,Open Citations,NA,NA,1,1,1,1,1,1,1,1
European Respiratory Society,Global,TDM Support,NA,0,0,0,0,0,0,0,0,0
European Respiratory Society,Global,ORCID,NA,0.6666666666666666,0.7608695652173914,0.7592592592592593,0.875,0.8707482993197279,0.8888888888888888,0.9300699300699301,0.9056603773584906,0.8260869565217391
European Respiratory Society,Global,Funder info,NA,1,0.6739130434782609,0.4925925925925926,0.6141304347826086,0.6666666666666666,0.7222222222222222,0.6293706293706294,0.7264150943396226,0.6086956521739131
European Respiratory Society,Global,Open Abstracts,NA,0.3333333333333333,0.782608695652174,0.35555555555555557,0.5489130434782609,0.6326530612244898,0.6,0.7062937062937062,0.6415094339622641,0.391304347826087
European Respiratory Society,Global,Open Citations,NA,1,1,1,1,1,1,1,1,0.8695652173913043
Inter-Research Science Publisher,Germany,TDM Support,NA,NA,NA,NA,1,1,1,1,1,NA
Inter-Research Science Publisher,Germany,ORCID,NA,NA,NA,NA,0,0,0,0,0,NA
Inter-Research Science Publisher,Germany,Funder info,NA,NA,NA,NA,0,0,0,0,0,NA
Inter-Research Science Publisher,Germany,Open Abstracts,NA,NA,NA,NA,1,1,1,1,1,NA
Inter-Research Science Publisher,Germany,Open Citations,NA,NA,NA,NA,1,1,1,1,1,NA
Inter-Research Science Publisher,Global,TDM Support,NA,NA,1,1,1,1,1,1,1,1
Inter-Research Science Publisher,Global,ORCID,NA,NA,0,0,0,0,0,0,0.472,0.9710144927536232
Inter-Research Science Publisher,Global,Funder info,NA,NA,0,0,0,0,0,0,0,0
Inter-Research Science Publisher,Global,Open Abstracts,NA,NA,1,1,0.9933774834437086,1,0.9722222222222222,1,0.976,0.9855072463768116
Inter-Research Science Publisher,Global,Open Citations,NA,NA,1,1,0.9933774834437086,1,0.9722222222222222,1,0.976,0.9855072463768116
Royal College of General Practitioners,Germany,TDM Support,NA,NA,NA,0,0,NA,0,NA,NA,NA
Royal College of General Practitioners,Germany,ORCID,NA,NA,NA,1,0,NA,1,NA,NA,NA
Royal College of General Practitioners,Germany,Funder info,NA,NA,NA,0,0,NA,0,NA,NA,NA
Royal College of General Practitioners,Germany,Open Abstracts,NA,NA,NA,1,1,NA,1,NA,NA,NA
Royal College of General Practitioners,Germany,Open Citations,NA,NA,NA,1,1,NA,1,NA,NA,NA
Royal College of General Practitioners,Global,TDM Support,NA,NA,NA,0,0,0,0,0,0,0
Royal College of General Practitioners,Global,ORCID,NA,NA,NA,0.17204301075268819,0.08653846153846154,0.5928571428571429,0.9692307692307692,1,0.952,0.8541666666666666
Royal College of General Practitioners,Global,Funder info,NA,NA,NA,0,0,0,0,0,0,0
Royal College of General Practitioners,Global,Open Abstracts,NA,NA,NA,0.9354838709677419,0.8942307692307693,0.8357142857142857,0.8692307692307693,0.8833333333333333,0.776,0.5416666666666666
Royal College of General Practitioners,Global,Open Citations,NA,NA,NA,1,1,1,1,1,1,1
Edward Elgar Publishing,Germany,TDM Support,NA,NA,NA,0,NA,NA,NA,NA,NA,NA
Edward Elgar Publishing,Germany,ORCID,NA,NA,NA,1,NA,NA,NA,NA,NA,NA
Edward Elgar Publishing,Germany,Funder info,NA,NA,NA,0,NA,NA,NA,NA,NA,NA
Edward Elgar Publishing,Germany,Open Abstracts,NA,NA,NA,0.5,NA,NA,NA,NA,NA,NA
Edward Elgar Publishing,Germany,Open Citations,NA,NA,NA,0,NA,NA,NA,NA,NA,NA
Edward Elgar Publishing,Global,TDM Support,NA,NA,0,0.05,0.17647058823529413,0,1,1,1,1
Edward Elgar Publishing,Global,ORCID,NA,NA,0.11764705882352941,0.45,0.11764705882352941,0,0,0.4,0.6666666666666666,0.8
Edward Elgar Publishing,Global,Funder info,NA,NA,0,0,0,0,0,0,0,0
Edward Elgar Publishing,Global,Open Abstracts,NA,NA,0.7058823529411765,0.6,0.5882352941176471,0.5,0.6666666666666666,1,1,0.8
Edward Elgar Publishing,Global,Open Citations,NA,NA,0,0.05,0.17647058823529413,0,0.6666666666666666,1,1,1
White Horse Press,Germany,TDM Support,NA,NA,NA,NA,NA,NA,NA,1,1,NA
White Horse Press,Germany,ORCID,NA,NA,NA,NA,NA,NA,NA,1,1,NA
White Horse Press,Germany,Funder info,NA,NA,NA,NA,NA,NA,NA,1,1,NA
White Horse Press,Germany,Open Abstracts,NA,NA,NA,NA,NA,NA,NA,1,1,NA
White Horse Press,Germany,Open Citations,NA,NA,NA,NA,NA,NA,NA,1,1,NA
White Horse Press,Global,TDM Support,NA,NA,NA,NA,1,1,NA,1,1,1
White Horse Press,Global,ORCID,NA,NA,NA,NA,1,1,NA,0.2222222222222222,1,0.8
White Horse Press,Global,Funder info,NA,NA,NA,NA,0,0,NA,0.4444444444444444,0.5714285714285714,0.5
White Horse Press,Global,Open Abstracts,NA,NA,NA,NA,1,1,NA,1,0.9285714285714286,1
White Horse Press,Global,Open Citations,NA,NA,NA,NA,1,1,NA,1,0.9285714285714286,1
IWA Publishing,Germany,TDM Support,NA,NA,NA,NA,0,0,NA,NA,NA,NA
IWA Publishing,Germany,ORCID,NA,NA,NA,NA,1,1,NA,NA,NA,NA
IWA Publishing,Germany,Funder info,NA,NA,NA,NA,1,1,NA,NA,NA,NA
IWA Publishing,Germany,Open Abstracts,NA,NA,NA,NA,1,1,NA,NA,NA,NA
IWA Publishing,Germany,Open Citations,NA,NA,NA,NA,1,1,NA,NA,NA,NA
IWA Publishing,Global,TDM Support,0,0,0,0,0,0,0,0,NA,NA
IWA Publishing,Global,ORCID,0,0,0,0,0.45320197044334976,0.7135922330097088,0.7636363636363637,0.6666666666666666,NA,NA
IWA Publishing,Global,Funder info,0,0.2857142857142857,0.6875,0.20512820512820512,0.458128078817734,0.470873786407767,0.4,0.5,NA,NA
IWA Publishing,Global,Open Abstracts,1,1,1,0.8205128205128205,0.9802955665024631,1,1,1,NA,NA
IWA Publishing,Global,Open Citations,1,1,1,0.8461538461538461,0.9901477832512315,1,0.9636363636363636,1,NA,NA
NA,Germany,TDM Support,1,1,1,1,1,1,1,1,0.48,0
NA,Germany,ORCID,0.3333333333333333,0.6,0.17647058823529413,0.4791666666666667,0.5573770491803278,0.797979797979798,0.3627450980392157,0.2828282828282828,0.68,0.8378378378378378
NA,Germany,Funder info,0,0,0,0,0,0,0,0,0,0
NA,Germany,Open Abstracts,1,1,1,0.9895833333333334,1,0.9797979797979798,0.9607843137254902,0.9595959595959596,0.99,0.972972972972973
NA,Germany,Open Citations,0.4444444444444444,0.7333333333333333,0.8235294117647058,0.96875,0.9508196721311475,0.7474747474747475,0.6176470588235294,0.9292929292929293,0.97,1
NA,Global,TDM Support,0.9292929292929293,1,1,1,1,1,1,1,0.49127906976744184,0
NA,Global,ORCID,0.29292929292929293,0.48132780082987553,0.46153846153846156,0.48598130841121495,0.6177248677248677,0.8430311231393776,0.406570841889117,0.28556701030927834,0.6724806201550387,0.7685512367491166
NA,Global,Funder info,0,0,0,0,0,0,0,0,0,0
NA,Global,Open Abstracts,0.9040404040404041,0.8921161825726142,0.9230769230769231,0.9579439252336449,0.9616402116402116,0.9648173207036536,0.9599589322381931,0.9639175257731959,0.9641472868217055,0.9664310954063604
NA,Global,Open Citations,0.5454545454545454,0.44813278008298757,0.6367521367521367,0.9485981308411215,0.9603174603174603,0.8105548037889039,0.6991786447638604,0.954639175257732,0.9341085271317829,0.6731448763250883
