cr_year,esac_publisher,collection,articles,oa_articles,oa_prop,all_journals,oa_journals,journal_prop
2017,AIP Publishing,Global,18264,6,3.28515111695138e-4,25,4,0.16
2017,Akadémiai Kiadó,Global,1036,33,0.03185328185328185,25,9,0.36
2017,American Chemical Society,Global,51961,40,7.698081253247628e-4,57,4,0.07017543859649122
2017,American Meteorological Society,Global,2303,51,0.02214502822405558,10,6,0.6
2017,American Physical Society,Global,18989,438,0.0230659855705935,10,9,0.9
2017,American Physiological Society,Global,2298,0,0,12,0,0
2017,American Psychological Association,Global,6182,64,0.01035263668715626,97,24,0.24742268041237114
2017,Association for Computing Machinery,Global,5077,36,0.007090801654520386,85,6,0.07058823529411765
2017,BMJ Publishing,Global,9491,22,0.0023179854599093878,42,3,0.07142857142857142
2017,Bentham Science Publishers,Global,5685,14,0.0024626209322779246,94,6,0.06382978723404255
2017,Bioscientifica,Global,769,66,0.0858257477243173,5,5,1
2017,Brill,Global,6520,93,0.014263803680981594,271,36,0.13284132841328414
2017,Bristol University Press,Global,360,19,0.05277777777777778,10,7,0.7
2017,CSIRO,Global,2023,0,0,15,0,0
2017,Cambridge University Press,Global,27510,566,0.020574336604870958,362,144,0.39779005524861877
2017,Canadian Science Publishing,Global,2395,0,0,20,0,0
2017,Cold Spring Harbor Laboratory Press,Global,341,0,0,2,0,0
2017,Company of Biologists,Global,1632,29,0.017769607843137254,3,3,1
2017,EDP Sciences,Global,4538,79,0.01740855002203614,24,8,0.3333333333333333
2017,Edward Elgar Publishing,Global,154,0,0,8,0,0
2017,Elsevier,Global,494006,14621,0.029596806516520042,1931,1408,0.7291558777835319
2017,Emerald,Global,13652,22,0.0016114854966305303,314,2,0.006369426751592357
2017,European Respiratory Society,Global,639,0,0,1,0,0
2017,Future Science Group,Global,2168,0,0,18,0,0
2017,Hogrefe,Global,930,12,0.012903225806451613,27,7,0.25925925925925924
2017,IEEE,Global,45235,393,0.00868796286061678,189,92,0.48677248677248675
2017,IOP Publishing,Global,28047,1104,0.03936249866295861,71,52,0.7323943661971831
2017,IOS Press,Global,4631,268,0.05787087022241417,67,28,0.417910447761194
2017,IWA Publishing,Global,70,0,0,1,0,0
2017,Inter-Research Science Publisher,Global,635,0,0,4,0,0
2017,John Benjamins Publishing,Global,1446,26,0.017980636237897647,69,5,0.07246376811594203
2017,Karger,Global,4899,179,0.03653806899367218,65,46,0.7076923076923077
2017,"Mary Ann Liebert, Inc.",Global,6648,0,0,65,0,0
2017,Microbiology Society,Global,1624,106,0.06527093596059114,4,4,1
2017,National Academy of Sciences,Global,4018,212,0.05276256844201095,1,1,1
2017,Optica,Global,2706,1,3.695491500369549e-4,5,1,0.2
2017,Oxford University Press,Global,72045,1861,0.0258310777985981,401,210,0.5236907730673317
2017,Portland Press,Global,734,154,0.2098092643051771,5,5,1
2017,Radiological Society of North America,Global,496,0,0,1,0,0
2017,Rockefeller University Press,Global,661,68,0.10287443267776097,2,2,1
2017,Royal College of General Practitioners,Global,439,0,0,1,0,0
2017,Royal Irish Academy,Global,162,0,0,6,0,0
2017,Royal Society of Chemistry,Global,32213,690,0.02141992363331574,42,40,0.9523809523809523
2017,SPIE,Global,1651,0,0,8,0,0
2017,Sage,Global,60317,125,0.002072384236616543,968,68,0.07024793388429752
2017,Society for Neuroscience,Global,1106,0,0,1,0,0
2017,Springer Nature,Global,270675,17981,0.0664302207444352,2325,1630,0.7010752688172043
2017,Taylor and Francis,Global,131096,4001,0.030519619210349666,2338,1147,0.490590248075278
2017,The Electrochemical Society,Global,8044,0,0,4,0,0
2017,The Geological Society of London,Global,595,72,0.12100840336134454,9,8,0.8888888888888888
2017,The Royal Society,Global,2283,0,0,8,0,0
2017,Thieme,Global,13478,84,0.006232378691200475,81,20,0.24691358024691357
2017,Trans Tech Publications,Global,5924,50,0.008440243079000676,12,8,0.6666666666666666
2017,Walter de Gruyter,Global,19100,433,0.022670157068062826,360,68,0.18888888888888888
2017,White Horse Press,Global,124,0,0,3,0,0
2017,Wiley,Global,190654,8460,0.04437357726562254,1379,927,0.6722262509064539
2017,Wolters Kluwer Health,Global,70624,743,0.010520502945174445,276,138,0.5
2017,World Scientific,Global,7695,0,0,101,0,0
2018,AIP Publishing,Global,16908,1,5.914360066240833e-5,25,1,0.04
2018,Akadémiai Kiadó,Global,1127,27,0.023957409050576754,26,5,0.19230769230769232
2018,American Chemical Society,Global,57240,54,9.433962264150943e-4,61,9,0.14754098360655737
2018,American Meteorological Society,Global,2063,35,0.016965584100824042,10,6,0.6
2018,American Physical Society,Global,19404,2744,0.1414141414141414,10,9,0.9
2018,American Physiological Society,Global,2599,0,0,12,0,0
2018,American Psychological Association,Global,6578,72,0.010945576162967468,101,30,0.297029702970297
2018,Association for Computing Machinery,Global,5097,19,0.0037276829507553464,88,6,0.06818181818181818
2018,BMJ Publishing,Global,9581,43,0.004488049264168667,42,12,0.2857142857142857
2018,Bentham Science Publishers,Global,6883,194,0.02818538428011042,95,27,0.28421052631578947
2018,Bioscientifica,Global,690,64,0.0927536231884058,5,5,1
2018,Brill,Global,6776,113,0.01667650531286895,278,44,0.15827338129496402
2018,Bristol University Press,Global,438,24,0.0547945205479452,12,7,0.5833333333333334
2018,CSIRO,Global,1797,0,0,15,0,0
2018,Cambridge University Press,Global,28451,818,0.028751186250043935,363,179,0.4931129476584022
2018,Canadian Science Publishing,Global,2340,0,0,20,0,0
2018,Cold Spring Harbor Laboratory Press,Global,315,0,0,2,0,0
2018,Company of Biologists,Global,1569,39,0.0248565965583174,3,3,1
2018,EDP Sciences,Global,4370,420,0.09610983981693363,24,15,0.625
2018,Edward Elgar Publishing,Global,213,0,0,10,0,0
2018,Elsevier,Global,511442,16866,0.03297734640487093,1940,1513,0.7798969072164949
2018,Emerald,Global,13957,63,0.0045138640108905925,316,1,0.0031645569620253164
2018,European Respiratory Society,Global,584,3,0.005136986301369863,1,1,1
2018,Future Science Group,Global,2175,0,0,19,0,0
2018,Hogrefe,Global,941,20,0.021253985122210415,28,12,0.42857142857142855
2018,IEEE,Global,48640,509,0.010464638157894737,191,98,0.5130890052356021
2018,IOP Publishing,Global,27541,1840,0.06680948404197379,74,55,0.7432432432432432
2018,IOS Press,Global,4670,318,0.06809421841541756,68,28,0.4117647058823529
2018,IWA Publishing,Global,72,0,0,1,0,0
2018,Inter-Research Science Publisher,Global,610,0,0,4,0,0
2018,John Benjamins Publishing,Global,1384,30,0.02167630057803468,73,6,0.0821917808219178
2018,Karger,Global,5096,220,0.04317111459968603,65,47,0.7230769230769231
2018,"Mary Ann Liebert, Inc.",Global,6831,0,0,66,0,0
2018,Microbiology Society,Global,1185,92,0.07763713080168777,4,4,1
2018,National Academy of Sciences,Global,4014,1166,0.29048330842052816,1,1,1
2018,Optica,Global,3854,4,0.0010378827192527244,5,2,0.4
2018,Oxford University Press,Global,72683,3595,0.04946135960265812,399,280,0.7017543859649122
2018,Portland Press,Global,724,153,0.21132596685082872,5,5,1
2018,Radiological Society of North America,Global,571,0,0,1,0,0
2018,Rockefeller University Press,Global,546,83,0.152014652014652,2,2,1
2018,Royal College of General Practitioners,Global,495,0,0,1,0,0
2018,Royal Irish Academy,Global,183,0,0,6,0,0
2018,Royal Society of Chemistry,Global,33104,2107,0.06364789753504108,42,42,1
2018,SPIE,Global,1756,0,0,8,0,0
2018,Sage,Global,60352,300,0.0049708377518557795,972,130,0.1337448559670782
2018,Society for Neuroscience,Global,893,0,0,1,0,0
2018,Springer Nature,Global,281501,19648,0.06979726537383527,2362,1735,0.7345469940728196
2018,Taylor and Francis,Global,124071,2862,0.023067437193220013,2320,979,0.4219827586206897
2018,The Electrochemical Society,Global,7732,651,0.08419555095706156,4,2,0.5
2018,The Geological Society of London,Global,612,57,0.09313725490196079,7,6,0.8571428571428571
2018,The Royal Society,Global,2244,0,0,8,0,0
2018,Thieme,Global,13122,121,0.009221155311690292,82,21,0.25609756097560976
2018,Trans Tech Publications,Global,5583,171,0.03062869425040301,12,6,0.5
2018,Walter de Gruyter,Global,18154,460,0.02533876831552275,362,116,0.32044198895027626
2018,White Horse Press,Global,124,0,0,3,0,0
2018,Wiley,Global,199384,11644,0.05839987160454199,1390,1076,0.7741007194244605
2018,Wolters Kluwer Health,Global,73350,967,0.01318336741649625,279,160,0.5734767025089605
2018,World Scientific,Global,8142,0,0,103,0,0
2019,AIP Publishing,Global,15812,0,0,26,0,0
2019,Akadémiai Kiadó,Global,982,144,0.14663951120162932,23,19,0.8260869565217391
2019,American Chemical Society,Global,60088,78,0.0012980961256823325,62,23,0.3709677419354839
2019,American Meteorological Society,Global,2054,33,0.016066212268743916,10,5,0.5
2019,American Physical Society,Global,19365,2886,0.1490317583268784,10,9,0.9
2019,American Physiological Society,Global,2482,0,0,12,0,0
2019,American Psychological Association,Global,6931,69,0.009955273409320444,101,27,0.26732673267326734
2019,Association for Computing Machinery,Global,5219,43,0.008239126269400269,86,6,0.06976744186046512
2019,BMJ Publishing,Global,10336,354,0.03424922600619195,42,39,0.9285714285714286
2019,Bentham Science Publishers,Global,6897,1322,0.1916775409598376,100,98,0.98
2019,Bioscientifica,Global,634,58,0.0914826498422713,5,5,1
2019,Brill,Global,7044,247,0.035065303804656445,297,75,0.25252525252525254
2019,Bristol University Press,Global,482,34,0.07053941908713693,14,11,0.7857142857142857
2019,CSIRO,Global,1702,0,0,15,0,0
2019,Cambridge University Press,Global,28366,1343,0.04734541352323204,362,234,0.6464088397790055
2019,Canadian Science Publishing,Global,2257,0,0,20,0,0
2019,Cold Spring Harbor Laboratory Press,Global,311,0,0,2,0,0
2019,Company of Biologists,Global,1558,44,0.028241335044929396,3,2,0.6666666666666666
2019,EDP Sciences,Global,4592,838,0.18249128919860627,24,19,0.7916666666666666
2019,Edward Elgar Publishing,Global,196,19,0.09693877551020408,10,5,0.5
2019,Elsevier,Global,532805,19846,0.03724814894755117,1949,1604,0.822986146741919
2019,Emerald,Global,19317,0,0,317,0,0
2019,European Respiratory Society,Global,607,40,0.06589785831960461,1,1,1
2019,Future Science Group,Global,2257,0,0,19,0,0
2019,Hogrefe,Global,1010,45,0.04455445544554455,28,16,0.5714285714285714
2019,IEEE,Global,49661,521,0.010491129860453877,192,104,0.5416666666666666
2019,IOP Publishing,Global,26867,2076,0.07726951278520118,74,56,0.7567567567567568
2019,IOS Press,Global,5229,321,0.06138841078600115,66,36,0.5454545454545454
2019,IWA Publishing,Global,79,3,0.0379746835443038,1,1,1
2019,Inter-Research Science Publisher,Global,594,1,0.0016835016835016834,4,1,0.25
2019,John Benjamins Publishing,Global,1538,51,0.03315994798439532,80,11,0.1375
2019,Karger,Global,5066,235,0.04638768258981445,67,54,0.8059701492537313
2019,"Mary Ann Liebert, Inc.",Global,6896,0,0,65,0,0
2019,Microbiology Society,Global,1223,86,0.07031888798037612,4,4,1
2019,National Academy of Sciences,Global,4034,1299,0.3220128904313337,1,1,1
2019,Optica,Global,3918,0,0,5,0,0
2019,Oxford University Press,Global,55505,4661,0.08397441671921449,401,310,0.773067331670823
2019,Portland Press,Global,719,158,0.21974965229485396,5,5,1
2019,Radiological Society of North America,Global,655,0,0,3,0,0
2019,Rockefeller University Press,Global,576,87,0.15104166666666666,2,2,1
2019,Royal College of General Practitioners,Global,548,0,0,1,0,0
2019,Royal Irish Academy,Global,179,0,0,6,0,0
2019,Royal Society of Chemistry,Global,34642,2579,0.0744472028173893,42,41,0.9761904761904762
2019,SPIE,Global,1467,4,0.0027266530334014998,8,2,0.25
2019,Sage,Global,60062,934,0.015550597715693783,979,332,0.3391215526046987
2019,Society for Neuroscience,Global,829,0,0,1,0,0
2019,Springer Nature,Global,290473,21894,0.07537361475937522,2421,1833,0.7571251548946716
2019,Taylor and Francis,Global,136341,6482,0.04754255873141608,2314,1447,0.625324114088159
2019,The Electrochemical Society,Global,8185,815,0.09957238851557727,4,2,0.5
2019,The Geological Society of London,Global,485,62,0.12783505154639174,8,8,1
2019,The Royal Society,Global,2264,0,0,8,0,0
2019,Thieme,Global,12108,166,0.013709943838784275,82,27,0.32926829268292684
2019,Trans Tech Publications,Global,4875,83,0.017025641025641025,12,9,0.75
2019,Walter de Gruyter,Global,19859,667,0.03358678684727328,362,147,0.40607734806629836
2019,White Horse Press,Global,125,0,0,3,0,0
2019,Wiley,Global,204750,17656,0.08623199023199023,1401,1208,0.8622412562455389
2019,Wolters Kluwer Health,Global,69865,1426,0.02041079224218135,280,176,0.6285714285714286
2019,World Scientific,Global,10186,0,0,106,0,0
2020,AIP Publishing,Global,15301,0,0,26,0,0
2020,Akadémiai Kiadó,Global,969,479,0.49432404540763675,24,23,0.9583333333333334
2020,American Chemical Society,Global,62015,667,0.010755462388131904,66,62,0.9393939393939394
2020,American Meteorological Society,Global,2204,12,0.0054446460980036296,10,5,0.5
2020,American Physical Society,Global,19557,3427,0.17523137495525898,10,9,0.9
2020,American Physiological Society,Global,2457,0,0,12,0,0
2020,American Psychological Association,Global,7072,67,0.009473981900452488,101,25,0.24752475247524752
2020,Association for Computing Machinery,Global,4987,91,0.018247443352717066,92,7,0.07608695652173914
2020,BMJ Publishing,Global,11182,1626,0.14541226971919155,41,40,0.975609756097561
2020,Bentham Science Publishers,Global,8429,1460,0.17321153161703642,104,101,0.9711538461538461
2020,Bioscientifica,Global,691,21,0.030390738060781478,5,3,0.6
2020,Brill,Global,7851,705,0.08979747802827666,311,184,0.5916398713826366
2020,Bristol University Press,Global,454,36,0.07929515418502203,14,11,0.7857142857142857
2020,CSIRO,Global,1663,0,0,17,0,0
2020,Cambridge University Press,Global,29683,3540,0.11926018259609877,363,294,0.8099173553719008
2020,Canadian Science Publishing,Global,2008,0,0,20,0,0
2020,Cold Spring Harbor Laboratory Press,Global,324,0,0,2,0,0
2020,Company of Biologists,Global,1697,65,0.03830288744843842,3,3,1
2020,EDP Sciences,Global,4673,1050,0.2246950567087524,23,19,0.8260869565217391
2020,Edward Elgar Publishing,Global,222,25,0.11261261261261261,11,8,0.7272727272727273
2020,Elsevier,Global,565265,28800,0.0509495546336674,1954,1709,0.8746161719549642
2020,Emerald,Global,17675,13,7.355021216407355e-4,316,1,0.0031645569620253164
2020,European Respiratory Society,Global,776,262,0.33762886597938147,1,1,1
2020,Future Science Group,Global,2111,0,0,19,0,0
2020,Hogrefe,Global,1029,59,0.057337220602526724,28,17,0.6071428571428571
2020,IEEE,Global,53438,1416,0.026497997679553874,196,139,0.7091836734693877
2020,IOP Publishing,Global,29515,2874,0.09737421650008471,74,56,0.7567567567567568
2020,IOS Press,Global,5560,496,0.08920863309352518,67,34,0.5074626865671642
2020,IWA Publishing,Global,69,17,0.2463768115942029,1,1,1
2020,Inter-Research Science Publisher,Global,561,49,0.0873440285204991,4,4,1
2020,John Benjamins Publishing,Global,1664,76,0.04567307692307692,82,26,0.3170731707317073
2020,Karger,Global,5003,451,0.09014591245252848,67,62,0.9253731343283582
2020,"Mary Ann Liebert, Inc.",Global,7055,0,0,65,0,0
2020,Microbiology Society,Global,1258,166,0.13195548489666137,4,4,1
2020,National Academy of Sciences,Global,4349,1564,0.3596229018165095,1,1,1
2020,Optica,Global,4221,7,0.001658374792703151,5,4,0.8
2020,Oxford University Press,Global,61118,6686,0.10939494093393108,400,329,0.8225
2020,Portland Press,Global,862,516,0.5986078886310905,5,5,1
2020,Radiological Society of North America,Global,772,0,0,3,0,0
2020,Rockefeller University Press,Global,579,89,0.153713298791019,2,2,1
2020,Royal College of General Practitioners,Global,556,93,0.1672661870503597,1,1,1
2020,Royal Irish Academy,Global,151,0,0,6,0,0
2020,Royal Society of Chemistry,Global,35602,3316,0.09314083478456267,42,42,1
2020,SPIE,Global,1278,9,0.007042253521126761,8,3,0.375
2020,Sage,Global,67742,6532,0.09642467007174278,983,762,0.775178026449644
2020,Society for Neuroscience,Global,851,0,0,1,0,0
2020,Springer Nature,Global,307966,34360,0.11157075781092718,2439,1963,0.8048380483804838
2020,Taylor and Francis,Global,138219,8378,0.06061395321916668,2303,1610,0.6990881458966566
2020,The Electrochemical Society,Global,8695,873,0.10040253018976424,4,3,0.75
2020,The Geological Society of London,Global,691,74,0.10709117221418235,9,8,0.8888888888888888
2020,The Royal Society,Global,2386,448,0.18776194467728416,8,7,0.875
2020,Thieme,Global,12709,184,0.01447792902667401,82,29,0.35365853658536583
2020,Trans Tech Publications,Global,4747,16,0.0033705498209395408,11,5,0.45454545454545453
2020,Walter de Gruyter,Global,20274,1281,0.06318437407517016,359,231,0.6434540389972145
2020,White Horse Press,Global,133,0,0,3,0,0
2020,Wiley,Global,220475,31045,0.14080961560267605,1404,1307,0.9309116809116809
2020,Wolters Kluwer Health,Global,76782,1978,0.02576124612539397,283,201,0.7102473498233216
2020,World Scientific,Global,9046,0,0,109,0,0
2021,AIP Publishing,Global,16204,0,0,26,0,0
2021,Akadémiai Kiadó,Global,1033,492,0.4762826718296225,24,23,0.9583333333333334
2021,American Chemical Society,Global,63877,6344,0.09931587269283154,66,64,0.9696969696969697
2021,American Meteorological Society,Global,2161,66,0.03054141601110597,10,9,0.9
2021,American Physical Society,Global,19041,3478,0.18265847381965233,10,9,0.9
2021,American Physiological Society,Global,2271,0,0,12,0,0
2021,American Psychological Association,Global,7812,103,0.01318484383000512,101,29,0.2871287128712871
2021,Association for Computing Machinery,Global,6368,142,0.02229899497487437,88,6,0.06818181818181818
2021,BMJ Publishing,Global,11087,1796,0.16199152160187608,41,40,0.975609756097561
2021,Bentham Science Publishers,Global,10120,1109,0.10958498023715416,117,110,0.9401709401709402
2021,Bioscientifica,Global,645,74,0.11472868217054263,5,5,1
2021,Brill,Global,7447,759,0.1019202363367799,313,196,0.6261980830670927
2021,Bristol University Press,Global,480,34,0.07083333333333333,15,11,0.7333333333333333
2021,CSIRO,Global,1990,0,0,18,0,0
2021,Cambridge University Press,Global,28755,5450,0.1895322552599548,359,329,0.9164345403899722
2021,Canadian Science Publishing,Global,2103,0,0,20,0,0
2021,Cold Spring Harbor Laboratory Press,Global,317,0,0,2,0,0
2021,Company of Biologists,Global,1494,291,0.19477911646586346,3,3,1
2021,EDP Sciences,Global,4912,1367,0.27829804560260585,24,21,0.875
2021,Edward Elgar Publishing,Global,156,18,0.11538461538461539,11,7,0.6363636363636364
2021,Elsevier,Global,592266,46377,0.07830434298102541,1950,1787,0.9164102564102564
2021,Emerald,Global,19062,15,7.869058860560277e-4,321,1,0.003115264797507788
2021,European Respiratory Society,Global,553,185,0.3345388788426763,1,1,1
2021,Future Science Group,Global,2215,0,0,18,0,0
2021,Hogrefe,Global,947,183,0.1932418162618796,28,25,0.8928571428571429
2021,IEEE,Global,60405,2189,0.03623872196010264,196,147,0.75
2021,IOP Publishing,Global,27438,3139,0.11440338217071215,74,57,0.7702702702702703
2021,IOS Press,Global,6289,532,0.08459214501510574,69,38,0.5507246376811594
2021,IWA Publishing,Global,96,94,0.9791666666666666,1,1,1
2021,Inter-Research Science Publisher,Global,542,153,0.2822878228782288,4,4,1
2021,John Benjamins Publishing,Global,1818,77,0.04235423542354235,86,42,0.4883720930232558
2021,Karger,Global,5419,786,0.1450452112935966,67,63,0.9402985074626866
2021,"Mary Ann Liebert, Inc.",Global,7060,0,0,66,0,0
2021,Microbiology Society,Global,1025,272,0.2653658536585366,4,4,1
2021,National Academy of Sciences,Global,4189,1615,0.38553354022439723,1,1,1
2021,Optica,Global,3981,3,7.535795026375283e-4,5,2,0.4
2021,Oxford University Press,Global,58651,9192,0.15672367052565173,402,369,0.917910447761194
2021,Portland Press,Global,832,509,0.6117788461538461,5,5,1
2021,Radiological Society of North America,Global,747,0,0,3,0,0
2021,Rockefeller University Press,Global,613,119,0.19412724306688417,2,2,1
2021,Royal College of General Practitioners,Global,364,104,0.2857142857142857,1,1,1
2021,Royal Irish Academy,Global,230,23,0.1,6,5,0.8333333333333334
2021,Royal Society of Chemistry,Global,34349,3668,0.10678622376197269,42,42,1
2021,SPIE,Global,1393,3,0.0021536252692031586,9,3,0.3333333333333333
2021,Sage,Global,66185,9870,0.1491274457958752,988,857,0.8674089068825911
2021,Society for Neuroscience,Global,822,0,0,1,0,0
2021,Springer Nature,Global,338624,46688,0.13787563787563786,2450,2093,0.8542857142857143
2021,Taylor and Francis,Global,137167,15684,0.11434237097844234,2299,1937,0.8425402348847325
2021,The Electrochemical Society,Global,6618,630,0.09519492293744333,4,2,0.5
2021,The Geological Society of London,Global,567,59,0.10405643738977072,8,8,1
2021,The Royal Society,Global,2202,60,0.027247956403269755,8,6,0.75
2021,Thieme,Global,12124,275,0.022682283074892774,82,45,0.5487804878048781
2021,Trans Tech Publications,Global,3762,8,0.002126528442317916,12,4,0.3333333333333333
2021,Walter de Gruyter,Global,19896,1292,0.06493767591475673,353,225,0.6373937677053825
2021,White Horse Press,Global,129,1,0.007751937984496124,3,1,0.3333333333333333
2021,Wiley,Global,216679,38986,0.179925142722645,1388,1316,0.9481268011527377
2021,Wolters Kluwer Health,Global,61306,2463,0.040175513000358855,283,221,0.7809187279151943
2021,World Scientific,Global,9244,0,0,109,0,0
2022,AIP Publishing,Global,15814,2,1.264702162640698e-4,26,2,0.07692307692307693
2022,Akadémiai Kiadó,Global,992,515,0.5191532258064516,24,22,0.9166666666666666
2022,American Chemical Society,Global,62475,7796,0.12478591436574629,68,66,0.9705882352941176
2022,American Meteorological Society,Global,1774,55,0.03100338218714769,11,9,0.8181818181818182
2022,American Physical Society,Global,18550,3527,0.19013477088948788,10,9,0.9
2022,American Physiological Society,Global,1762,0,0,12,0,0
2022,American Psychological Association,Global,8286,119,0.014361573738836592,100,26,0.26
2022,Association for Computing Machinery,Global,5878,101,0.017182715209254847,90,6,0.06666666666666667
2022,BMJ Publishing,Global,8896,1388,0.1560251798561151,40,38,0.95
2022,Bentham Science Publishers,Global,7651,128,0.016729839236701086,121,49,0.4049586776859504
2022,Bioscientifica,Global,494,115,0.23279352226720648,5,5,1
2022,Brill,Global,7451,932,0.12508388135820694,303,211,0.6963696369636964
2022,Bristol University Press,Global,550,107,0.19454545454545455,17,15,0.8823529411764706
2022,CSIRO,Global,1552,0,0,18,0,0
2022,Cambridge University Press,Global,26642,8056,0.30237970122363184,360,345,0.9583333333333334
2022,Canadian Science Publishing,Global,1838,137,0.07453754080522307,19,17,0.8947368421052632
2022,Cold Spring Harbor Laboratory Press,Global,260,0,0,2,0,0
2022,Company of Biologists,Global,1413,347,0.24557678697806087,3,3,1
2022,EDP Sciences,Global,4410,2048,0.46439909297052157,21,18,0.8571428571428571
2022,Edward Elgar Publishing,Global,176,3,0.017045454545454544,11,2,0.18181818181818182
2022,Elsevier,Global,587818,60787,0.10341125994780698,1951,1811,0.9282419272168119
2022,Emerald,Global,16844,18,0.0010686297791498457,323,1,0.0030959752321981426
2022,European Respiratory Society,Global,394,147,0.3730964467005076,1,1,1
2022,Future Science Group,Global,1964,0,0,18,0,0
2022,Hogrefe,Global,979,271,0.27681307456588355,28,25,0.8928571428571429
2022,IEEE,Global,71483,3070,0.04294727417707707,198,157,0.7929292929292929
2022,IOP Publishing,Global,27280,3409,0.1249633431085044,74,57,0.7702702702702703
2022,IOS Press,Global,5429,546,0.10057100755203537,67,40,0.5970149253731343
2022,IWA Publishing,Global,93,93,1,1,1,1
2022,Inter-Research Science Publisher,Global,440,155,0.3522727272727273,4,4,1
2022,John Benjamins Publishing,Global,2185,797,0.36475972540045765,87,60,0.6896551724137931
2022,Karger,Global,4184,798,0.1907265774378585,67,65,0.9701492537313433
2022,"Mary Ann Liebert, Inc.",Global,5908,0,0,63,0,0
2022,Microbiology Society,Global,881,284,0.322360953461975,4,4,1
2022,National Academy of Sciences,Global,3941,3888,0.9865516366404465,1,1,1
2022,Optica,Global,3755,6,0.0015978695073235686,5,4,0.8
2022,Oxford University Press,Global,52586,10562,0.20085193777811586,406,371,0.9137931034482759
2022,Portland Press,Global,565,359,0.6353982300884956,5,5,1
2022,Radiological Society of North America,Global,690,0,0,3,0,0
2022,Rockefeller University Press,Global,467,160,0.3426124197002141,2,2,1
2022,Royal College of General Practitioners,Global,392,140,0.35714285714285715,1,1,1
2022,Royal Irish Academy,Global,136,0,0,6,0,0
2022,Royal Society of Chemistry,Global,33289,4041,0.12139145062933702,42,42,1
2022,SPIE,Global,1565,3,0.0019169329073482429,11,3,0.2727272727272727
2022,Sage,Global,65182,11161,0.17122825319873586,992,870,0.8770161290322581
2022,Society for Neuroscience,Global,708,0,0,1,0,0
2022,Springer Nature,Global,344314,52522,0.15254099455729364,2457,2117,0.8616198616198616
2022,Taylor and Francis,Global,126537,17179,0.13576266230430625,2280,1940,0.8508771929824561
2022,The Electrochemical Society,Global,8506,520,0.06113331765812368,4,2,0.5
2022,The Geological Society of London,Global,405,81,0.2,8,7,0.875
2022,The Royal Society,Global,2125,3,0.001411764705882353,8,1,0.125
2022,Thieme,Global,11259,378,0.03357314148681055,81,49,0.6049382716049383
2022,Trans Tech Publications,Global,3333,397,0.11911191119111911,12,6,0.5
2022,Walter de Gruyter,Global,19054,2106,0.11052797312900178,350,250,0.7142857142857143
2022,White Horse Press,Global,139,1,0.007194244604316547,3,1,0.3333333333333333
2022,Wiley,Global,204480,53406,0.26117957746478876,1382,1344,0.9725036179450073
2022,Wolters Kluwer Health,Global,60836,2906,0.04776776908409494,281,221,0.7864768683274022
2022,World Scientific,Global,9058,0,0,110,0,0
2023,AIP Publishing,Global,17567,0,0,26,0,0
2023,Akadémiai Kiadó,Global,978,517,0.5286298568507157,25,25,1
2023,American Chemical Society,Global,66272,10205,0.15398660067600192,69,67,0.9710144927536232
2023,American Meteorological Society,Global,1784,77,0.043161434977578475,11,11,1
2023,American Physical Society,Global,18187,4096,0.22521581349315445,10,9,0.9
2023,American Physiological Society,Global,1818,0,0,12,0,0
2023,American Psychological Association,Global,9123,229,0.025101392085936643,100,58,0.58
2023,Association for Computing Machinery,Global,7189,135,0.018778689664765615,95,6,0.06315789473684211
2023,BMJ Publishing,Global,7612,1358,0.17840252233315818,39,38,0.9743589743589743
2023,Bentham Science Publishers,Global,9500,492,0.051789473684210524,118,59,0.5
2023,Bioscientifica,Global,573,162,0.28272251308900526,5,5,1
2023,Brill,Global,7052,925,0.13116846284741918,304,232,0.7631578947368421
2023,Bristol University Press,Global,680,130,0.19117647058823528,17,16,0.9411764705882353
2023,CSIRO,Global,1337,0,0,18,0,0
2023,Cambridge University Press,Global,25901,8963,0.3460484151191074,355,342,0.9633802816901409
2023,Canadian Science Publishing,Global,1759,377,0.2143263217737351,19,19,1
2023,Cold Spring Harbor Laboratory Press,Global,304,0,0,2,0,0
2023,Company of Biologists,Global,1321,392,0.2967448902346707,3,3,1
2023,EDP Sciences,Global,4459,3005,0.673917918815878,21,19,0.9047619047619048
2023,Edward Elgar Publishing,Global,188,3,0.015957446808510637,12,3,0.25
2023,Elsevier,Global,603949,79704,0.13197140818181669,1951,1832,0.93900563813429
2023,Emerald,Global,17488,0,0,326,0,0
2023,European Respiratory Society,Global,315,89,0.28253968253968254,1,1,1
2023,Future Science Group,Global,1772,0,0,18,0,0
2023,Hogrefe,Global,1029,308,0.29931972789115646,28,27,0.9642857142857143
2023,IEEE,Global,69993,3533,0.05047647621905048,206,166,0.8058252427184466
2023,IOP Publishing,Global,26798,4901,0.18288678259571609,71,56,0.7887323943661971
2023,IOS Press,Global,6426,769,0.11967009025832555,69,43,0.6231884057971014
2023,IWA Publishing,Global,19,19,1,1,1,1
2023,Inter-Research Science Publisher,Global,340,130,0.38235294117647056,4,4,1
2023,John Benjamins Publishing,Global,1404,146,0.10398860398860399,82,55,0.6707317073170732
2023,Karger,Global,4161,1063,0.2554674357125691,67,66,0.9850746268656716
2023,"Mary Ann Liebert, Inc.",Global,6106,0,0,63,0,0
2023,Microbiology Society,Global,939,393,0.4185303514376997,4,4,1
2023,National Academy of Sciences,Global,3629,3575,0.9851198677321577,1,1,1
2023,Optica,Global,3746,43,0.011478910838227442,5,4,0.8
2023,Oxford University Press,Global,51964,12803,0.24638211069201754,404,381,0.943069306930693
2023,Portland Press,Global,523,356,0.6806883365200764,5,5,1
2023,Radiological Society of North America,Global,897,0,0,3,0,0
2023,Rockefeller University Press,Global,466,166,0.3562231759656652,2,2,1
2023,Royal College of General Practitioners,Global,458,108,0.23580786026200873,1,1,1
2023,Royal Irish Academy,Global,118,0,0,6,0,0
2023,Royal Society of Chemistry,Global,33626,5022,0.14934871825373222,42,42,1
2023,SPIE,Global,1288,2,0.0015527950310559005,11,1,0.09090909090909091
2023,Sage,Global,61834,13498,0.21829414238121422,994,893,0.8983903420523138
2023,Society for Neuroscience,Global,745,0,0,1,0,0
2023,Springer Nature,Global,336804,59964,0.1780382655787936,2417,2110,0.8729830368225072
2023,Taylor and Francis,Global,119993,21180,0.17651029643395866,2255,1997,0.8855875831485588
2023,The Electrochemical Society,Global,7473,511,0.06837949953164726,4,2,0.5
2023,The Geological Society of London,Global,631,190,0.3011093502377179,9,9,1
2023,The Royal Society,Global,2021,196,0.09698169223156854,8,8,1
2023,Thieme,Global,10951,437,0.03990503150397224,81,50,0.6172839506172839
2023,Trans Tech Publications,Global,2200,138,0.06272727272727273,13,4,0.3076923076923077
2023,Walter de Gruyter,Global,18042,2332,0.1292539629752799,349,248,0.7106017191977078
2023,White Horse Press,Global,166,0,0,3,0,0
2023,Wiley,Global,207270,68907,0.3324504269793024,1380,1362,0.9869565217391304
2023,Wolters Kluwer Health,Global,56577,4213,0.07446488855895506,277,218,0.7870036101083032
2023,World Scientific,Global,9246,0,0,110,0,0
2024,AIP Publishing,Global,2963,0,0,25,0,0
2024,Akadémiai Kiadó,Global,150,70,0.4666666666666667,13,10,0.7692307692307693
2024,American Chemical Society,Global,12012,1900,0.15817515817515818,68,67,0.9852941176470589
2024,American Meteorological Society,Global,537,23,0.04283054003724395,11,7,0.6363636363636364
2024,American Physical Society,Global,3286,710,0.21606816798539258,10,9,0.9
2024,American Physiological Society,Global,621,0,0,12,0,0
2024,American Psychological Association,Global,2002,79,0.039460539460539464,98,37,0.37755102040816324
2024,Association for Computing Machinery,Global,1593,35,0.02197112366603892,70,4,0.05714285714285714
2024,BMJ Publishing,Global,1408,191,0.1356534090909091,39,31,0.7948717948717948
2024,Bentham Science Publishers,Global,3927,180,0.04583651642475172,118,33,0.2796610169491525
2024,Bioscientifica,Global,67,16,0.23880597014925373,5,5,1
2024,Brill,Global,682,96,0.14076246334310852,110,40,0.36363636363636365
2024,Bristol University Press,Global,197,36,0.18274111675126903,17,13,0.7647058823529411
2024,CSIRO,Global,168,0,0,17,0,0
2024,Cambridge University Press,Global,3330,1292,0.387987987987988,298,254,0.8523489932885906
2024,Canadian Science Publishing,Global,506,74,0.14624505928853754,19,15,0.7894736842105263
2024,Cold Spring Harbor Laboratory Press,Global,29,0,0,2,0,0
2024,Company of Biologists,Global,274,78,0.2846715328467153,3,3,1
2024,EDP Sciences,Global,1155,455,0.3939393939393939,18,12,0.6666666666666666
2024,Edward Elgar Publishing,Global,22,0,0,2,0,0
2024,Elsevier,Global,217565,33418,0.15360007354124056,1910,1729,0.9052356020942408
2024,Emerald,Global,2873,0,0,305,0,0
2024,European Respiratory Society,Global,54,6,0.1111111111111111,1,1,1
2024,Future Science Group,Global,367,0,0,16,0,0
2024,Hogrefe,Global,209,71,0.3397129186602871,24,20,0.8333333333333334
2024,IEEE,Global,36164,1946,0.05381041920141577,194,152,0.7835051546391752
2024,IOP Publishing,Global,5116,1009,0.1972243940578577,66,54,0.8181818181818182
2024,IOS Press,Global,1637,190,0.11606597434331094,56,22,0.39285714285714285
2024,Inter-Research Science Publisher,Global,134,28,0.208955223880597,4,3,0.75
2024,John Benjamins Publishing,Global,210,33,0.15714285714285714,51,19,0.37254901960784315
2024,Karger,Global,569,136,0.2390158172231986,66,51,0.7727272727272727
2024,"Mary Ann Liebert, Inc.",Global,1417,0,0,63,0,0
2024,Microbiology Society,Global,145,69,0.47586206896551725,4,4,1
2024,National Academy of Sciences,Global,615,606,0.9853658536585366,1,1,1
2024,Optica,Global,848,14,0.01650943396226415,5,3,0.6
2024,Oxford University Press,Global,7983,1654,0.20719027934360515,371,225,0.6064690026954178
2024,Portland Press,Global,87,68,0.7816091954022989,5,4,0.8
2024,Radiological Society of North America,Global,159,0,0,3,0,0
2024,Rockefeller University Press,Global,79,29,0.3670886075949367,2,2,1
2024,Royal College of General Practitioners,Global,43,1,0.023255813953488372,1,1,1
2024,Royal Irish Academy,Global,11,0,0,4,0,0
2024,Royal Society of Chemistry,Global,9592,1801,0.18776063386155128,42,42,1
2024,SPIE,Global,263,0,0,11,0,0
2024,Sage,Global,9796,2190,0.2235606369946917,895,610,0.6815642458100558
2024,Society for Neuroscience,Global,117,0,0,1,0,0
2024,Springer Nature,Global,52650,12310,0.23380816714150046,2149,1710,0.7957189390414147
2024,Taylor and Francis,Global,19959,3581,0.17941780650333183,1980,1194,0.603030303030303
2024,The Electrochemical Society,Global,305,81,0.26557377049180325,2,2,1
2024,The Geological Society of London,Global,166,42,0.25301204819277107,8,7,0.875
2024,The Royal Society,Global,264,159,0.6022727272727273,8,8,1
2024,Thieme,Global,1462,56,0.038303693570451436,69,24,0.34782608695652173
2024,Trans Tech Publications,Global,259,0,0,9,0,0
2024,Walter de Gruyter,Global,2506,321,0.1280925778132482,179,82,0.4581005586592179
2024,White Horse Press,Global,55,1,0.01818181818181818,3,1,0.3333333333333333
2024,Wiley,Global,36496,11422,0.31296580447172295,1325,1181,0.8913207547169811
2024,Wolters Kluwer Health,Global,9738,864,0.08872458410351201,267,159,0.5955056179775281
2024,World Scientific,Global,1699,0,0,95,0,0
2017,AIP Publishing,Germany,1082,1,9.242144177449168e-4,23,1,0.043478260869565216
2017,Akadémiai Kiadó,Germany,12,0,0,5,0,0
2017,American Chemical Society,Germany,2512,2,7.961783439490446e-4,55,2,0.03636363636363636
2017,American Meteorological Society,Germany,73,0,0,10,0,0
2017,American Physical Society,Germany,1961,48,0.02447730749617542,10,9,0.9
2017,American Physiological Society,Germany,96,0,0,11,0,0
2017,American Psychological Association,Germany,203,3,0.014778325123152709,48,3,0.0625
2017,Association for Computing Machinery,Germany,225,0,0,58,0,0
2017,BMJ Publishing,Germany,195,0,0,25,0,0
2017,Bentham Science Publishers,Germany,97,1,0.010309278350515464,33,1,0.030303030303030304
2017,Bioscientifica,Germany,26,6,0.23076923076923078,5,2,0.4
2017,Brill,Germany,301,3,0.009966777408637873,128,3,0.0234375
2017,Bristol University Press,Germany,9,0,0,7,0,0
2017,CSIRO,Germany,39,0,0,11,0,0
2017,Cambridge University Press,Germany,656,20,0.03048780487804878,183,15,0.08196721311475409
2017,Canadian Science Publishing,Germany,25,0,0,10,0,0
2017,Cold Spring Harbor Laboratory Press,Germany,36,0,0,2,0,0
2017,Company of Biologists,Germany,108,2,0.018518518518518517,3,1,0.3333333333333333
2017,EDP Sciences,Germany,506,21,0.041501976284584984,15,6,0.4
2017,Elsevier,Germany,16565,894,0.05396921219438575,1495,441,0.29498327759197324
2017,Emerald,Germany,278,0,0,130,0,0
2017,European Respiratory Society,Germany,44,0,0,1,0,0
2017,Future Science Group,Germany,68,0,0,17,0,0
2017,Hogrefe,Germany,288,7,0.024305555555555556,25,4,0.16
2017,IEEE,Germany,1063,11,0.010348071495766699,145,9,0.06206896551724138
2017,IOP Publishing,Germany,1463,114,0.07792207792207792,60,32,0.5333333333333333
2017,IOS Press,Germany,203,14,0.06896551724137931,30,5,0.16666666666666666
2017,IWA Publishing,Germany,2,0,0,1,0,0
2017,Inter-Research Science Publisher,Germany,2,0,0,1,0,0
2017,John Benjamins Publishing,Germany,86,0,0,37,0,0
2017,Karger,Germany,416,14,0.03365384615384615,58,8,0.13793103448275862
2017,"Mary Ann Liebert, Inc.",Germany,154,0,0,41,0,0
2017,Microbiology Society,Germany,80,4,0.05,4,3,0.75
2017,National Academy of Sciences,Germany,193,13,0.06735751295336788,1,1,1
2017,Optica,Germany,128,0,0,4,0,0
2017,Oxford University Press,Germany,2991,105,0.03510531594784353,271,44,0.16236162361623616
2017,Portland Press,Germany,32,4,0.125,4,2,0.5
2017,Radiological Society of North America,Germany,29,0,0,1,0,0
2017,Rockefeller University Press,Germany,53,5,0.09433962264150944,2,2,1
2017,Royal College of General Practitioners,Germany,2,0,0,1,0,0
2017,Royal Society of Chemistry,Germany,1470,124,0.08435374149659863,41,27,0.6585365853658537
2017,SPIE,Germany,42,0,0,7,0,0
2017,Sage,Germany,1421,4,0.0028149190710767065,445,4,0.008988764044943821
2017,Society for Neuroscience,Germany,65,0,0,1,0,0
2017,Springer Nature,Germany,16069,1051,0.06540543904412223,1526,476,0.3119266055045872
2017,Taylor and Francis,Germany,2992,178,0.05949197860962567,1021,124,0.12144955925563174
2017,The Electrochemical Society,Germany,377,0,0,4,0,0
2017,The Geological Society of London,Germany,12,1,0.08333333333333333,3,1,0.3333333333333333
2017,The Royal Society,Germany,128,0,0,7,0,0
2017,Thieme,Germany,2194,43,0.01959890610756609,65,9,0.13846153846153847
2017,Trans Tech Publications,Germany,217,27,0.12442396313364056,6,4,0.6666666666666666
2017,Walter de Gruyter,Germany,2789,100,0.035855145213338116,204,17,0.08333333333333333
2017,White Horse Press,Germany,1,0,0,1,0,0
2017,Wiley,Germany,10455,530,0.050693448110951694,966,217,0.2246376811594203
2017,Wolters Kluwer Health,Germany,1645,35,0.02127659574468085,173,25,0.14450867052023122
2017,World Scientific,Germany,204,0,0,61,0,0
2018,AIP Publishing,Germany,934,0,0,23,0,0
2018,Akadémiai Kiadó,Germany,12,0,0,8,0,0
2018,American Chemical Society,Germany,2679,6,0.0022396416573348264,57,3,0.05263157894736842
2018,American Meteorological Society,Germany,75,0,0,10,0,0
2018,American Physical Society,Germany,2024,254,0.12549407114624506,10,8,0.8
2018,American Physiological Society,Germany,90,0,0,11,0,0
2018,American Psychological Association,Germany,209,5,0.023923444976076555,56,5,0.08928571428571429
2018,Association for Computing Machinery,Germany,242,0,0,61,0,0
2018,BMJ Publishing,Germany,177,1,0.005649717514124294,28,1,0.03571428571428571
2018,Bentham Science Publishers,Germany,92,2,0.021739130434782608,38,2,0.05263157894736842
2018,Bioscientifica,Germany,28,4,0.14285714285714285,5,3,0.6
2018,Brill,Germany,312,8,0.02564102564102564,116,6,0.05172413793103448
2018,Bristol University Press,Germany,7,0,0,5,0,0
2018,CSIRO,Germany,26,0,0,9,0,0
2018,Cambridge University Press,Germany,710,36,0.05070422535211268,201,24,0.11940298507462686
2018,Canadian Science Publishing,Germany,19,0,0,11,0,0
2018,Cold Spring Harbor Laboratory Press,Germany,16,0,0,2,0,0
2018,Company of Biologists,Germany,96,5,0.052083333333333336,3,3,1
2018,EDP Sciences,Germany,539,33,0.061224489795918366,18,6,0.3333333333333333
2018,Edward Elgar Publishing,Germany,2,0,0,2,0,0
2018,Elsevier,Germany,16510,1065,0.06450635978195034,1529,497,0.3250490516677567
2018,Emerald,Germany,298,1,0.003355704697986577,132,1,0.007575757575757576
2018,European Respiratory Society,Germany,32,0,0,1,0,0
2018,Future Science Group,Germany,66,0,0,17,0,0
2018,Hogrefe,Germany,320,8,0.025,25,8,0.32
2018,IEEE,Germany,1161,17,0.014642549526270457,158,17,0.10759493670886076
2018,IOP Publishing,Germany,1279,247,0.1931196247068022,62,44,0.7096774193548387
2018,IOS Press,Germany,154,13,0.08441558441558442,31,5,0.16129032258064516
2018,IWA Publishing,Germany,1,0,0,1,0,0
2018,John Benjamins Publishing,Germany,85,1,0.011764705882352941,38,1,0.02631578947368421
2018,Karger,Germany,421,13,0.030878859857482184,56,10,0.17857142857142858
2018,"Mary Ann Liebert, Inc.",Germany,151,0,0,41,0,0
2018,Microbiology Society,Germany,51,4,0.0784313725490196,4,3,0.75
2018,National Academy of Sciences,Germany,231,102,0.44155844155844154,1,1,1
2018,Optica,Germany,152,0,0,4,0,0
2018,Oxford University Press,Germany,3190,210,0.06583072100313479,279,86,0.30824372759856633
2018,Portland Press,Germany,35,8,0.22857142857142856,5,4,0.8
2018,Radiological Society of North America,Germany,28,0,0,1,0,0
2018,Rockefeller University Press,Germany,44,12,0.2727272727272727,2,2,1
2018,Royal College of General Practitioners,Germany,1,0,0,1,0,0
2018,Royal Society of Chemistry,Germany,1372,264,0.1924198250728863,42,33,0.7857142857142857
2018,SPIE,Germany,37,0,0,7,0,0
2018,Sage,Germany,1433,11,0.007676203768318213,435,11,0.02528735632183908
2018,Society for Neuroscience,Germany,51,0,0,1,0,0
2018,Springer Nature,Germany,16112,1189,0.07379592850049653,1524,523,0.3431758530183727
2018,Taylor and Francis,Germany,2808,173,0.06160968660968661,995,133,0.13366834170854272
2018,The Electrochemical Society,Germany,334,75,0.2245508982035928,4,2,0.5
2018,The Geological Society of London,Germany,31,3,0.0967741935483871,4,2,0.5
2018,The Royal Society,Germany,151,0,0,8,0,0
2018,Thieme,Germany,2664,63,0.02364864864864865,65,16,0.24615384615384617
2018,Trans Tech Publications,Germany,158,38,0.24050632911392406,5,2,0.4
2018,Walter de Gruyter,Germany,2852,73,0.025596072931276297,217,27,0.12442396313364056
2018,White Horse Press,Germany,4,0,0,2,0,0
2018,Wiley,Germany,10843,690,0.06363552522364659,989,273,0.27603640040444893
2018,Wolters Kluwer Health,Germany,1391,32,0.023005032350826744,175,23,0.13142857142857142
2018,World Scientific,Germany,188,0,0,57,0,0
2019,AIP Publishing,Germany,903,0,0,25,0,0
2019,Akadémiai Kiadó,Germany,11,0,0,7,0,0
2019,American Chemical Society,Germany,2811,10,0.0035574528637495554,58,8,0.13793103448275862
2019,American Meteorological Society,Germany,91,2,0.02197802197802198,10,1,0.1
2019,American Physical Society,Germany,1874,247,0.13180362860192102,10,9,0.9
2019,American Physiological Society,Germany,85,0,0,11,0,0
2019,American Psychological Association,Germany,171,13,0.07602339181286549,47,6,0.1276595744680851
2019,Association for Computing Machinery,Germany,246,3,0.012195121951219513,62,3,0.04838709677419355
2019,BMJ Publishing,Germany,193,20,0.10362694300518134,26,10,0.38461538461538464
2019,Bentham Science Publishers,Germany,46,11,0.2391304347826087,24,7,0.2916666666666667
2019,Bioscientifica,Germany,34,1,0.029411764705882353,5,1,0.2
2019,Brill,Germany,404,16,0.039603960396039604,143,11,0.07692307692307693
2019,Bristol University Press,Germany,15,1,0.06666666666666667,8,1,0.125
2019,CSIRO,Germany,25,0,0,9,0,0
2019,Cambridge University Press,Germany,629,205,0.32591414944356123,191,100,0.5235602094240838
2019,Canadian Science Publishing,Germany,21,0,0,12,0,0
2019,Cold Spring Harbor Laboratory Press,Germany,15,0,0,2,0,0
2019,Company of Biologists,Germany,107,4,0.037383177570093455,3,2,0.6666666666666666
2019,EDP Sciences,Germany,572,156,0.2727272727272727,13,8,0.6153846153846154
2019,Edward Elgar Publishing,Germany,2,0,0,2,0,0
2019,Elsevier,Germany,15910,1249,0.07850408548082967,1519,573,0.37722185648452927
2019,Emerald,Germany,362,0,0,149,0,0
2019,European Respiratory Society,Germany,32,4,0.125,1,1,1
2019,Future Science Group,Germany,75,0,0,15,0,0
2019,Hogrefe,Germany,346,26,0.07514450867052024,26,11,0.4230769230769231
2019,IEEE,Germany,1071,39,0.036414565826330535,155,29,0.1870967741935484
2019,IOP Publishing,Germany,1068,385,0.3604868913857678,62,50,0.8064516129032258
2019,IOS Press,Germany,203,16,0.07881773399014778,33,10,0.30303030303030304
2019,Inter-Research Science Publisher,Germany,1,0,0,1,0,0
2019,John Benjamins Publishing,Germany,96,4,0.041666666666666664,46,2,0.043478260869565216
2019,Karger,Germany,407,14,0.0343980343980344,54,10,0.18518518518518517
2019,"Mary Ann Liebert, Inc.",Germany,131,0,0,40,0,0
2019,Microbiology Society,Germany,64,2,0.03125,4,1,0.25
2019,National Academy of Sciences,Germany,206,94,0.4563106796116505,1,1,1
2019,Optica,Germany,160,0,0,4,0,0
2019,Oxford University Press,Germany,2135,329,0.1540983606557377,272,118,0.4338235294117647
2019,Portland Press,Germany,48,10,0.20833333333333334,5,4,0.8
2019,Radiological Society of North America,Germany,41,0,0,2,0,0
2019,Rockefeller University Press,Germany,40,9,0.225,2,2,1
2019,Royal College of General Practitioners,Germany,2,0,0,1,0,0
2019,Royal Society of Chemistry,Germany,1371,399,0.2910284463894967,42,37,0.8809523809523809
2019,SPIE,Germany,38,0,0,6,0,0
2019,Sage,Germany,1475,104,0.07050847457627119,460,78,0.16956521739130434
2019,Society for Neuroscience,Germany,49,0,0,1,0,0
2019,Springer Nature,Germany,16286,1385,0.08504236767776004,1558,586,0.3761232349165597
2019,Taylor and Francis,Germany,3070,343,0.11172638436482085,1060,232,0.2188679245283019
2019,The Electrochemical Society,Germany,240,90,0.375,4,2,0.5
2019,The Geological Society of London,Germany,16,0,0,4,0,0
2019,The Royal Society,Germany,125,0,0,8,0,0
2019,Thieme,Germany,1790,93,0.05195530726256983,66,13,0.19696969696969696
2019,Trans Tech Publications,Germany,134,17,0.12686567164179105,7,2,0.2857142857142857
2019,Walter de Gruyter,Germany,2997,178,0.05939272605939273,219,42,0.1917808219178082
2019,White Horse Press,Germany,7,0,0,3,0,0
2019,Wiley,Germany,10319,3738,0.3622444035274736,966,658,0.6811594202898551
2019,Wolters Kluwer Health,Germany,1434,53,0.03695955369595537,171,36,0.21052631578947367
2019,World Scientific,Germany,218,0,0,58,0,0
2020,AIP Publishing,Germany,859,0,0,26,0,0
2020,Akadémiai Kiadó,Germany,13,3,0.23076923076923078,6,2,0.3333333333333333
2020,American Chemical Society,Germany,2686,29,0.010796723752792257,62,22,0.3548387096774194
2020,American Meteorological Society,Germany,69,0,0,10,0,0
2020,American Physical Society,Germany,1850,517,0.27945945945945944,10,9,0.9
2020,American Physiological Society,Germany,78,0,0,12,0,0
2020,American Psychological Association,Germany,198,6,0.030303030303030304,53,3,0.05660377358490566
2020,Association for Computing Machinery,Germany,232,14,0.0603448275862069,65,5,0.07692307692307693
2020,BMJ Publishing,Germany,235,48,0.20425531914893616,32,14,0.4375
2020,Bentham Science Publishers,Germany,43,15,0.3488372093023256,24,9,0.375
2020,Bioscientifica,Germany,32,2,0.0625,5,2,0.4
2020,Brill,Germany,445,29,0.0651685393258427,154,27,0.17532467532467533
2020,Bristol University Press,Germany,14,1,0.07142857142857142,8,1,0.125
2020,CSIRO,Germany,13,0,0,8,0,0
2020,Cambridge University Press,Germany,734,290,0.39509536784741145,205,128,0.624390243902439
2020,Canadian Science Publishing,Germany,15,0,0,7,0,0
2020,Cold Spring Harbor Laboratory Press,Germany,16,0,0,2,0,0
2020,Company of Biologists,Germany,91,3,0.03296703296703297,3,2,0.6666666666666666
2020,EDP Sciences,Germany,537,233,0.4338919925512104,14,10,0.7142857142857143
2020,Edward Elgar Publishing,Germany,5,2,0.4,4,2,0.5
2020,Elsevier,Germany,15045,1620,0.10767696909272183,1527,678,0.444007858546169
2020,Emerald,Germany,311,0,0,131,0,0
2020,European Respiratory Society,Germany,41,14,0.34146341463414637,1,1,1
2020,Future Science Group,Germany,48,0,0,15,0,0
2020,Hogrefe,Germany,357,34,0.09523809523809523,26,10,0.38461538461538464
2020,IEEE,Germany,1191,148,0.12426532325776658,158,66,0.4177215189873418
2020,IOP Publishing,Germany,1262,486,0.38510301109350237,62,47,0.7580645161290323
2020,IOS Press,Germany,166,33,0.19879518072289157,33,8,0.24242424242424243
2020,Inter-Research Science Publisher,Germany,14,0,0,3,0,0
2020,John Benjamins Publishing,Germany,114,7,0.06140350877192982,47,5,0.10638297872340426
2020,Karger,Germany,497,91,0.18309859154929578,59,37,0.6271186440677966
2020,"Mary Ann Liebert, Inc.",Germany,130,0,0,42,0,0
2020,Microbiology Society,Germany,48,9,0.1875,4,3,0.75
2020,National Academy of Sciences,Germany,242,123,0.5082644628099173,1,1,1
2020,Optica,Germany,136,0,0,5,0,0
2020,Oxford University Press,Germany,2287,492,0.21512898994315696,269,129,0.4795539033457249
2020,Portland Press,Germany,34,18,0.5294117647058824,4,4,1
2020,Radiological Society of North America,Germany,26,0,0,3,0,0
2020,Rockefeller University Press,Germany,36,7,0.19444444444444445,2,2,1
2020,Royal College of General Practitioners,Germany,1,1,1,1,1,1
2020,Royal Society of Chemistry,Germany,1296,454,0.35030864197530864,41,38,0.926829268292683
2020,SPIE,Germany,31,0,0,5,0,0
2020,Sage,Germany,1539,385,0.25016244314489927,449,202,0.44988864142538976
2020,Society for Neuroscience,Germany,62,0,0,1,0,0
2020,Springer Nature,Germany,18092,8827,0.48789520229935884,1564,1276,0.8158567774936062
2020,Taylor and Francis,Germany,3020,432,0.14304635761589404,1023,282,0.2756598240469208
2020,The Electrochemical Society,Germany,409,85,0.2078239608801956,4,2,0.5
2020,The Geological Society of London,Germany,13,2,0.15384615384615385,2,1,0.5
2020,The Royal Society,Germany,187,54,0.2887700534759358,8,6,0.75
2020,Thieme,Germany,1927,98,0.0508562532433835,62,16,0.25806451612903225
2020,Trans Tech Publications,Germany,42,1,0.023809523809523808,4,1,0.25
2020,Walter de Gruyter,Germany,3000,231,0.077,215,66,0.30697674418604654
2020,White Horse Press,Germany,4,0,0,2,0,0
2020,Wiley,Germany,11360,8514,0.7494718309859155,998,899,0.9008016032064128
2020,Wolters Kluwer Health,Germany,1495,48,0.032107023411371234,167,30,0.17964071856287425
2020,World Scientific,Germany,194,0,0,50,0,0
2021,AIP Publishing,Germany,803,0,0,25,0,0
2021,Akadémiai Kiadó,Germany,7,1,0.14285714285714285,6,1,0.16666666666666666
2021,American Chemical Society,Germany,2677,591,0.22076951811729548,63,58,0.9206349206349206
2021,American Meteorological Society,Germany,69,7,0.10144927536231885,10,3,0.3
2021,American Physical Society,Germany,1785,499,0.2795518207282913,10,9,0.9
2021,American Physiological Society,Germany,97,0,0,12,0,0
2021,American Psychological Association,Germany,146,38,0.2602739726027397,39,9,0.23076923076923078
2021,Association for Computing Machinery,Germany,280,19,0.06785714285714285,64,5,0.078125
2021,BMJ Publishing,Germany,208,87,0.4182692307692308,29,22,0.7586206896551724
2021,Bentham Science Publishers,Germany,46,13,0.2826086956521739,30,10,0.3333333333333333
2021,Bioscientifica,Germany,32,4,0.125,5,3,0.6
2021,Brill,Germany,454,45,0.09911894273127753,145,33,0.22758620689655173
2021,Bristol University Press,Germany,19,4,0.21052631578947367,8,2,0.25
2021,CSIRO,Germany,14,0,0,7,0,0
2021,Cambridge University Press,Germany,762,409,0.536745406824147,205,139,0.6780487804878049
2021,Canadian Science Publishing,Germany,16,0,0,8,0,0
2021,Cold Spring Harbor Laboratory Press,Germany,16,0,0,2,0,0
2021,Company of Biologists,Germany,90,33,0.36666666666666664,3,3,1
2021,EDP Sciences,Germany,544,285,0.5238970588235294,14,13,0.9285714285714286
2021,Edward Elgar Publishing,Germany,3,0,0,2,0,0
2021,Elsevier,Germany,15238,2468,0.1619635122719517,1507,850,0.5640345056403451
2021,Emerald,Germany,279,0,0,137,0,0
2021,European Respiratory Society,Germany,33,17,0.5151515151515151,1,1,1
2021,Future Science Group,Germany,53,0,0,15,0,0
2021,Hogrefe,Germany,368,151,0.41032608695652173,26,22,0.8461538461538461
2021,IEEE,Germany,1317,199,0.15110098709187547,166,76,0.4578313253012048
2021,IOP Publishing,Germany,971,548,0.564366632337796,60,47,0.7833333333333333
2021,IOS Press,Germany,178,33,0.1853932584269663,29,10,0.3448275862068966
2021,IWA Publishing,Germany,1,1,1,1,1,1
2021,Inter-Research Science Publisher,Germany,10,3,0.3,3,2,0.6666666666666666
2021,John Benjamins Publishing,Germany,114,6,0.05263157894736842,47,5,0.10638297872340426
2021,Karger,Germany,455,128,0.2813186813186813,54,39,0.7222222222222222
2021,"Mary Ann Liebert, Inc.",Germany,130,0,0,38,0,0
2021,Microbiology Society,Germany,46,13,0.2826086956521739,4,3,0.75
2021,National Academy of Sciences,Germany,252,143,0.5674603174603174,1,1,1
2021,Optica,Germany,173,0,0,5,0,0
2021,Oxford University Press,Germany,2268,611,0.26940035273368607,291,147,0.5051546391752577
2021,Portland Press,Germany,48,31,0.6458333333333334,4,4,1
2021,Radiological Society of North America,Germany,25,0,0,3,0,0
2021,Rockefeller University Press,Germany,35,8,0.22857142857142856,2,2,1
2021,Royal College of General Practitioners,Germany,1,1,1,1,1,1
2021,Royal Society of Chemistry,Germany,1212,481,0.39686468646864687,41,37,0.9024390243902439
2021,SPIE,Germany,44,0,0,8,0,0
2021,Sage,Germany,1517,738,0.4864864864864865,442,312,0.7058823529411765
2021,Society for Neuroscience,Germany,45,0,0,1,0,0
2021,Springer Nature,Germany,18569,11428,0.6154343260272497,1654,1440,0.8706166868198307
2021,Taylor and Francis,Germany,3058,677,0.22138652714192283,1053,391,0.37132003798670465
2021,The Electrochemical Society,Germany,229,79,0.34497816593886466,4,2,0.5
2021,The Geological Society of London,Germany,9,2,0.2222222222222222,2,2,1
2021,The Royal Society,Germany,169,4,0.023668639053254437,8,1,0.125
2021,Thieme,Germany,1929,116,0.06013478486262312,62,30,0.4838709677419355
2021,Trans Tech Publications,Germany,64,2,0.03125,6,1,0.16666666666666666
2021,Walter de Gruyter,Germany,3178,261,0.08212712397734424,225,73,0.3244444444444444
2021,White Horse Press,Germany,6,0,0,2,0,0
2021,Wiley,Germany,11472,9648,0.8410041841004184,1014,952,0.9388560157790927
2021,Wolters Kluwer Health,Germany,1235,98,0.07935222672064778,182,53,0.29120879120879123
2021,World Scientific,Germany,162,0,0,55,0,0
2022,AIP Publishing,Germany,779,0,0,25,0,0
2022,Akadémiai Kiadó,Germany,16,2,0.125,4,2,0.5
2022,American Chemical Society,Germany,2326,594,0.2553740326741187,65,57,0.8769230769230769
2022,American Meteorological Society,Germany,59,11,0.1864406779661017,11,5,0.45454545454545453
2022,American Physical Society,Germany,1658,537,0.3238841978287093,10,9,0.9
2022,American Physiological Society,Germany,63,0,0,9,0,0
2022,American Psychological Association,Germany,102,54,0.5294117647058824,26,12,0.46153846153846156
2022,Association for Computing Machinery,Germany,294,9,0.030612244897959183,62,5,0.08064516129032258
2022,BMJ Publishing,Germany,185,76,0.41081081081081083,30,19,0.6333333333333333
2022,Bentham Science Publishers,Germany,49,3,0.061224489795918366,28,3,0.10714285714285714
2022,Bioscientifica,Germany,23,11,0.4782608695652174,5,3,0.6
2022,Brill,Germany,425,41,0.09647058823529411,148,20,0.13513513513513514
2022,Bristol University Press,Germany,27,6,0.2222222222222222,11,5,0.45454545454545453
2022,CSIRO,Germany,24,0,0,9,0,0
2022,Cambridge University Press,Germany,742,466,0.628032345013477,228,168,0.7368421052631579
2022,Canadian Science Publishing,Germany,2,0,0,2,0,0
2022,Cold Spring Harbor Laboratory Press,Germany,16,0,0,2,0,0
2022,Company of Biologists,Germany,81,34,0.41975308641975306,3,3,1
2022,EDP Sciences,Germany,539,395,0.7328385899814471,12,11,0.9166666666666666
2022,Edward Elgar Publishing,Germany,1,0,0,1,0,0
2022,Elsevier,Germany,13258,2799,0.21111781565847035,1484,921,0.6206199460916442
2022,Emerald,Germany,234,0,0,117,0,0
2022,European Respiratory Society,Germany,31,18,0.5806451612903226,1,1,1
2022,Future Science Group,Germany,42,0,0,13,0,0
2022,Hogrefe,Germany,360,215,0.5972222222222222,25,25,1
2022,IEEE,Germany,1341,258,0.19239373601789708,161,90,0.5590062111801242
2022,IOP Publishing,Germany,1051,620,0.5899143672692674,56,50,0.8928571428571429
2022,IOS Press,Germany,140,34,0.24285714285714285,30,10,0.3333333333333333
2022,IWA Publishing,Germany,1,1,1,1,1,1
2022,Inter-Research Science Publisher,Germany,11,8,0.7272727272727273,2,2,1
2022,John Benjamins Publishing,Germany,102,21,0.20588235294117646,45,13,0.28888888888888886
2022,Karger,Germany,319,103,0.322884012539185,54,38,0.7037037037037037
2022,"Mary Ann Liebert, Inc.",Germany,83,0,0,34,0,0
2022,Microbiology Society,Germany,40,17,0.425,4,4,1
2022,National Academy of Sciences,Germany,199,199,1,1,1,1
2022,Optica,Germany,98,0,0,5,0,0
2022,Oxford University Press,Germany,2015,646,0.3205955334987593,270,142,0.5259259259259259
2022,Portland Press,Germany,24,19,0.7916666666666666,5,5,1
2022,Radiological Society of North America,Germany,21,0,0,3,0,0
2022,Rockefeller University Press,Germany,34,15,0.4411764705882353,2,2,1
2022,Royal Society of Chemistry,Germany,1097,546,0.4977210574293528,41,38,0.926829268292683
2022,SPIE,Germany,34,0,0,6,0,0
2022,Sage,Germany,1547,793,0.5126050420168067,452,329,0.7278761061946902
2022,Society for Neuroscience,Germany,36,0,0,1,0,0
2022,Springer Nature,Germany,16133,10599,0.6569763838095829,1586,1413,0.8909205548549811
2022,Taylor and Francis,Germany,2776,656,0.23631123919308358,1032,380,0.3682170542635659
2022,The Electrochemical Society,Germany,382,79,0.20680628272251309,4,1,0.25
2022,The Geological Society of London,Germany,13,3,0.23076923076923078,4,3,0.75
2022,The Royal Society,Germany,167,1,0.005988023952095809,8,1,0.125
2022,Thieme,Germany,1599,148,0.09255784865540963,62,29,0.46774193548387094
2022,Trans Tech Publications,Germany,123,89,0.7235772357723578,4,4,1
2022,Walter de Gruyter,Germany,2939,558,0.18986049676760802,232,117,0.5043103448275862
2022,White Horse Press,Germany,5,0,0,1,0,0
2022,Wiley,Germany,9786,8054,0.8230124667892909,1003,946,0.9431704885343968
2022,Wolters Kluwer Health,Germany,1117,116,0.10384959713518353,182,64,0.3516483516483517
2022,World Scientific,Germany,168,0,0,49,0,0
2023,AIP Publishing,Germany,746,0,0,22,0,0
2023,Akadémiai Kiadó,Germany,11,4,0.36363636363636365,5,3,0.6
2023,American Chemical Society,Germany,2294,811,0.35353095030514387,67,65,0.9701492537313433
2023,American Meteorological Society,Germany,56,9,0.16071428571428573,10,5,0.5
2023,American Physical Society,Germany,1483,508,0.34254888739042483,10,9,0.9
2023,American Physiological Society,Germany,73,0,0,10,0,0
2023,American Psychological Association,Germany,146,92,0.6301369863013698,27,12,0.4444444444444444
2023,Association for Computing Machinery,Germany,361,18,0.04986149584487535,67,4,0.05970149253731343
2023,BMJ Publishing,Germany,174,77,0.4425287356321839,29,19,0.6551724137931034
2023,Bentham Science Publishers,Germany,27,2,0.07407407407407407,19,2,0.10526315789473684
2023,Bioscientifica,Germany,41,13,0.3170731707317073,5,3,0.6
2023,Brill,Germany,473,47,0.09936575052854123,154,36,0.23376623376623376
2023,Bristol University Press,Germany,32,6,0.1875,13,5,0.38461538461538464
2023,CSIRO,Germany,9,0,0,7,0,0
2023,Cambridge University Press,Germany,759,467,0.6152832674571805,199,167,0.8391959798994975
2023,Canadian Science Publishing,Germany,11,5,0.45454545454545453,4,2,0.5
2023,Cold Spring Harbor Laboratory Press,Germany,13,0,0,2,0,0
2023,Company of Biologists,Germany,73,42,0.5753424657534246,3,3,1
2023,EDP Sciences,Germany,277,268,0.9675090252707581,10,10,1
2023,Edward Elgar Publishing,Germany,6,0,0,6,0,0
2023,Elsevier,Germany,12948,3103,0.2396509113376583,1487,947,0.636852723604573
2023,Emerald,Germany,242,0,0,122,0,0
2023,European Respiratory Society,Germany,27,12,0.4444444444444444,1,1,1
2023,Future Science Group,Germany,23,0,0,11,0,0
2023,Hogrefe,Germany,381,261,0.6850393700787402,26,25,0.9615384615384616
2023,IEEE,Germany,1203,226,0.18786367414796343,172,93,0.5406976744186046
2023,IOP Publishing,Germany,1150,663,0.5765217391304348,57,49,0.8596491228070176
2023,IOS Press,Germany,128,45,0.3515625,28,13,0.4642857142857143
2023,Inter-Research Science Publisher,Germany,10,6,0.6,2,2,1
2023,John Benjamins Publishing,Germany,64,14,0.21875,36,13,0.3611111111111111
2023,Karger,Germany,135,42,0.3111111111111111,36,23,0.6388888888888888
2023,"Mary Ann Liebert, Inc.",Germany,102,0,0,36,0,0
2023,Microbiology Society,Germany,32,23,0.71875,4,4,1
2023,National Academy of Sciences,Germany,189,189,1,1,1,1
2023,Optica,Germany,76,3,0.039473684210526314,4,1,0.25
2023,Oxford University Press,Germany,1875,642,0.3424,253,150,0.5928853754940712
2023,Portland Press,Germany,17,9,0.5294117647058824,5,5,1
2023,Radiological Society of North America,Germany,47,0,0,3,0,0
2023,Rockefeller University Press,Germany,27,10,0.37037037037037035,2,1,0.5
2023,Royal College of General Practitioners,Germany,2,1,0.5,1,1,1
2023,Royal Society of Chemistry,Germany,952,498,0.523109243697479,41,36,0.8780487804878049
2023,SPIE,Germany,32,0,0,8,0,0
2023,Sage,Germany,1483,808,0.5448415374241402,461,332,0.720173535791757
2023,Society for Neuroscience,Germany,44,0,0,1,0,0
2023,Springer Nature,Germany,15272,10097,0.661144578313253,1535,1382,0.9003257328990228
2023,Taylor and Francis,Germany,2507,658,0.26246509772636617,933,393,0.4212218649517685
2023,The Electrochemical Society,Germany,452,92,0.20353982300884957,4,2,0.5
2023,The Geological Society of London,Germany,13,5,0.38461538461538464,5,3,0.6
2023,The Royal Society,Germany,168,25,0.1488095238095238,8,6,0.75
2023,Thieme,Germany,1466,152,0.10368349249658936,57,31,0.543859649122807
2023,Trans Tech Publications,Germany,46,20,0.43478260869565216,6,4,0.6666666666666666
2023,Walter de Gruyter,Germany,2740,660,0.24087591240875914,221,128,0.579185520361991
2023,White Horse Press,Germany,11,0,0,2,0,0
2023,Wiley,Germany,10136,8643,0.8527032359905288,988,932,0.9433198380566802
2023,Wolters Kluwer Health,Germany,1054,128,0.12144212523719165,157,57,0.3630573248407643
2023,World Scientific,Germany,127,0,0,48,0,0
2024,AIP Publishing,Germany,120,0,0,17,0,0
2024,American Chemical Society,Germany,377,189,0.5013262599469496,60,54,0.9
2024,American Meteorological Society,Germany,19,1,0.05263157894736842,7,1,0.14285714285714285
2024,American Physical Society,Germany,217,88,0.4055299539170507,9,8,0.8888888888888888
2024,American Physiological Society,Germany,18,0,0,8,0,0
2024,American Psychological Association,Germany,28,15,0.5357142857142857,12,7,0.5833333333333334
2024,Association for Computing Machinery,Germany,40,3,0.075,22,2,0.09090909090909091
2024,BMJ Publishing,Germany,20,10,0.5,11,8,0.7272727272727273
2024,Bentham Science Publishers,Germany,9,2,0.2222222222222222,6,2,0.3333333333333333
2024,Bioscientifica,Germany,3,1,0.3333333333333333,3,1,0.3333333333333333
2024,Brill,Germany,41,4,0.0975609756097561,21,3,0.14285714285714285
2024,Bristol University Press,Germany,10,2,0.2,6,2,0.3333333333333333
2024,Cambridge University Press,Germany,90,66,0.7333333333333333,56,43,0.7678571428571429
2024,Canadian Science Publishing,Germany,4,1,0.25,4,1,0.25
2024,Company of Biologists,Germany,12,4,0.3333333333333333,2,2,1
2024,EDP Sciences,Germany,21,20,0.9523809523809523,6,6,1
2024,Elsevier,Germany,3888,1788,0.45987654320987653,1053,750,0.7122507122507122
2024,Emerald,Germany,23,0,0,19,0,0
2024,European Respiratory Society,Germany,3,1,0.3333333333333333,1,1,1
2024,Future Science Group,Germany,5,0,0,5,0,0
2024,Hogrefe,Germany,80,53,0.6625,18,17,0.9444444444444444
2024,IEEE,Germany,521,134,0.2571976967370441,113,57,0.504424778761062
2024,IOP Publishing,Germany,128,93,0.7265625,42,37,0.8809523809523809
2024,IOS Press,Germany,45,13,0.28888888888888886,13,7,0.5384615384615384
2024,John Benjamins Publishing,Germany,13,4,0.3076923076923077,9,4,0.4444444444444444
2024,Karger,Germany,6,3,0.5,6,3,0.5
2024,"Mary Ann Liebert, Inc.",Germany,18,0,0,13,0,0
2024,Microbiology Society,Germany,7,6,0.8571428571428571,4,4,1
2024,National Academy of Sciences,Germany,36,36,1,1,1,1
2024,Optica,Germany,1,0,0,1,0,0
2024,Oxford University Press,Germany,259,71,0.27413127413127414,108,29,0.26851851851851855
2024,Portland Press,Germany,4,2,0.5,2,2,1
2024,Radiological Society of North America,Germany,7,0,0,1,0,0
2024,Rockefeller University Press,Germany,7,4,0.5714285714285714,2,2,1
2024,Royal College of General Practitioners,Germany,1,0,0,1,0,0
2024,Royal Society of Chemistry,Germany,167,101,0.6047904191616766,37,31,0.8378378378378378
2024,SPIE,Germany,5,0,0,3,0,0
2024,Sage,Germany,243,143,0.588477366255144,168,111,0.6607142857142857
2024,Society for Neuroscience,Germany,11,0,0,1,0,0
2024,Springer Nature,Germany,2131,1418,0.665415297982168,659,580,0.8801213960546282
2024,Taylor and Francis,Germany,396,152,0.3838383838383838,275,123,0.44727272727272727
2024,The Electrochemical Society,Germany,10,9,0.9,2,2,1
2024,The Geological Society of London,Germany,7,0,0,4,0,0
2024,The Royal Society,Germany,13,11,0.8461538461538461,5,4,0.8
2024,Thieme,Germany,214,21,0.09813084112149532,45,9,0.2
2024,Walter de Gruyter,Germany,221,47,0.21266968325791855,60,23,0.38333333333333336
2024,Wiley,Germany,1490,1150,0.7718120805369127,480,414,0.8625
2024,Wolters Kluwer Health,Germany,207,41,0.19806763285024154,72,25,0.3472222222222222
2024,World Scientific,Germany,6,0,0,5,0,0
2017,Edward Elgar Publishing,Germany,0,0,NA,0,0,0
2017,Royal Irish Academy,Germany,0,0,NA,0,0,0
2018,Inter-Research Science Publisher,Germany,0,0,NA,0,0,0
2018,Royal Irish Academy,Germany,0,0,NA,0,0,0
2019,IWA Publishing,Germany,0,0,NA,0,0,0
2019,Royal Irish Academy,Germany,0,0,NA,0,0,0
2020,IWA Publishing,Germany,0,0,NA,0,0,0
2020,Royal Irish Academy,Germany,0,0,NA,0,0,0
2021,Royal Irish Academy,Germany,0,0,NA,0,0,0
2022,Royal College of General Practitioners,Germany,0,0,NA,0,0,0
2022,Royal Irish Academy,Germany,0,0,NA,0,0,0
2023,IWA Publishing,Germany,0,0,NA,0,0,0
2023,Royal Irish Academy,Germany,0,0,NA,0,0,0
2024,Akadémiai Kiadó,Germany,0,0,NA,0,0,0
2024,CSIRO,Germany,0,0,NA,0,0,0
2024,Cold Spring Harbor Laboratory Press,Germany,0,0,NA,0,0,0
2024,Edward Elgar Publishing,Germany,0,0,NA,0,0,0
2024,IWA Publishing,Germany,0,0,NA,0,0,0
2024,IWA Publishing,Global,0,0,NA,0,0,0
2024,Inter-Research Science Publisher,Germany,0,0,NA,0,0,0
2024,Royal Irish Academy,Germany,0,0,NA,0,0,0
2024,Trans Tech Publications,Germany,0,0,NA,0,0,0
2024,White Horse Press,Germany,0,0,NA,0,0,0
