cr_year,esac_publisher,collection,cc,cc_articles,articles,prop
2017,AIP (TIB),global,CC BY,729,28677,0.025421069149492624
2017,BMJ (BSB),global,CC BY,22,10557,0.0020839253575826466
2017,CUP (BSB),global,CC BY,539,24710,0.02181303116147309
2017,ECS (TIB),global,CC BY,0,0,0
2017,IOP (TIB),global,CC BY,958,16311,0.05873337011832506
2017,Karger (BSB),global,CC BY,10,4958,0.002016942315449778
2017,Nature (MPDL),global,CC BY,62,9597,0.006460352193393769
2017,RSC (TIB),global,CC BY,470,28203,0.016664893805623516
2017,Sage (BSB),global,CC BY,39,58807,6.631863553658578e-4
2017,TaylorFrancis (ZBW),global,CC BY,150,12643,0.01186427272008226
2018,AIP (TIB),global,CC BY,681,28571,0.023835357530362956
2018,BMJ (BSB),global,CC BY,20,10184,0.0019638648860958365
2018,CUP (BSB),global,CC BY,748,25747,0.029051928380005438
2018,ECS (TIB),global,CC BY,488,1841,0.265073329712113
2018,IOP (TIB),global,CC BY,1038,16258,0.0638454914503629
2018,Karger (BSB),global,CC BY,7,5189,0.0013490075158990172
2018,Nature (MPDL),global,CC BY,88,10753,0.008183762670882545
2018,RSC (TIB),global,CC BY,1434,29114,0.049254654118293606
2018,Sage (BSB),global,CC BY,91,58721,0.0015497011290679654
2018,TaylorFrancis (ZBW),global,CC BY,221,12373,0.017861472561222017
2019,AIP (TIB),global,CC BY,717,27910,0.025689716947330705
2019,BMJ (BSB),global,CC BY,112,10844,0.010328292143120619
2019,CUP (BSB),global,CC BY,1182,25754,0.04589578317931195
2019,ECS (TIB),global,CC BY,630,1999,0.3151575787893947
2019,IOP (TIB),global,CC BY,1192,15565,0.07658207516864761
2019,Karger (BSB),global,CC BY,31,5178,0.005986867516415605
2019,Nature (MPDL),global,CC BY,84,11069,0.007588761405727708
2019,RSC (TIB),global,CC BY,1441,30421,0.04736859406331153
2019,Sage (BSB),global,CC BY,189,58335,0.003239907431216251
2019,TaylorFrancis (ZBW),global,CC BY,287,13575,0.021141804788213626
2020,AIP (TIB),global,CC BY,866,25241,0.03430925874569153
2020,BMJ (BSB),global,CC BY,471,10695,0.04403927068723703
2020,CUP (BSB),global,CC BY,3213,27561,0.11657777294002394
2020,ECS (TIB),global,CC BY,648,2050,0.31609756097560976
2020,IOP (TIB),global,CC BY,1921,17649,0.10884469375035413
2020,Karger (BSB),global,CC BY,30,5150,0.005825242718446602
2020,Nature (MPDL),global,CC BY,150,10508,0.01427483821850019
2020,RSC (TIB),global,CC BY,1849,31758,0.05822155047547075
2020,Sage (BSB),global,CC BY,3811,65608,0.05808742836239483
2020,TaylorFrancis (ZBW),global,CC BY,323,13637,0.023685561340470777
2021,AIP (TIB),global,CC BY,1387,23027,0.06023363877187649
2021,BMJ (BSB),global,CC BY,512,8689,0.05892507768442859
2021,CUP (BSB),global,CC BY,4977,26459,0.18810234702747647
2021,ECS (TIB),global,CC BY,445,2059,0.21612433220009714
2021,IOP (TIB),global,CC BY,2383,17081,0.13951173818863064
2021,Karger (BSB),global,CC BY,110,5539,0.019859180357465245
2021,Nature (MPDL),global,CC BY,550,11217,0.04903271819559597
2021,RSC (TIB),global,CC BY,1995,30767,0.06484220105957682
2021,Sage (BSB),global,CC BY,6119,63974,0.0956482320942883
2021,TaylorFrancis (ZBW),global,CC BY,527,14285,0.03689184459222961
2022,AIP (TIB),global,CC BY,1809,27505,0.06576986002544992
2022,BMJ (BSB),global,CC BY,508,9342,0.054378077499464786
2022,CUP (BSB),global,CC BY,7389,24110,0.30647034425549563
2022,ECS (TIB),global,CC BY,405,2012,0.20129224652087474
2022,IOP (TIB),global,CC BY,2807,15390,0.18239116309291747
2022,Karger (BSB),global,CC BY,258,4334,0.05952930318412552
2022,Nature (MPDL),global,CC BY,1595,12509,0.12750819410024783
2022,RSC (TIB),global,CC BY,2507,30005,0.08355274120979837
2022,Sage (BSB),global,CC BY,6252,62966,0.09929168122478799
2022,TaylorFrancis (ZBW),global,CC BY,683,13139,0.051982647081208616
2023,AIP (TIB),global,CC BY,2394,45125,0.053052631578947365
2023,BMJ (BSB),global,CC BY,356,7913,0.04498925818273727
2023,CUP (BSB),global,CC BY,8591,24325,0.35317574511819116
2023,ECS (TIB),global,CC BY,417,1640,0.25426829268292683
2023,IOP (TIB),global,CC BY,4309,16054,0.2684066276317429
2023,Karger (BSB),global,CC BY,469,4299,0.10909513840428006
2023,Nature (MPDL),global,CC BY,2514,13742,0.1829428030854315
2023,RSC (TIB),global,CC BY,2886,30268,0.09534822254526232
2023,Sage (BSB),global,CC BY,7403,59951,0.12348417874597588
2023,TaylorFrancis (ZBW),global,CC BY,1188,12618,0.09415121255349501
2024,AIP (TIB),global,CC BY,3330,39405,0.08450704225352113
2024,BMJ (BSB),global,CC BY,380,8326,0.04564016334374249
2024,CUP (BSB),global,CC BY,8996,21903,0.4107199926950646
2024,ECS (TIB),global,CC BY,456,1620,0.2814814814814815
2024,IOP (TIB),global,CC BY,6114,21675,0.28207612456747405
2024,Karger (BSB),global,CC BY,466,4030,0.11563275434243177
2024,Nature (MPDL),global,CC BY,2559,14136,0.18102716468590832
2024,RSC (TIB),global,CC BY,3904,30837,0.12660116094302298
2024,Sage (BSB),global,CC BY,7958,59383,0.13401141740902278
2024,TaylorFrancis (ZBW),global,CC BY,1684,13399,0.1256810209717143
2025,AIP (TIB),global,CC BY,2631,35131,0.07489112180125815
2025,BMJ (BSB),global,CC BY,434,8477,0.05119735755573906
2025,CUP (BSB),global,CC BY,11189,23713,0.47185088348163456
2025,ECS (TIB),global,CC BY,428,1486,0.288021534320323
2025,IOP (TIB),global,CC BY,6350,20557,0.3088972126283018
2025,Karger (BSB),global,CC BY,485,4214,0.11509254864736593
2025,Nature (MPDL),global,CC BY,2263,14615,0.15484091686623333
2025,RSC (TIB),global,CC BY,4601,32887,0.13990330525739653
2025,Sage (BSB),global,CC BY,9195,62484,0.14715767236412522
2025,TaylorFrancis (ZBW),global,CC BY,2058,15355,0.13402800390752198
2026,AIP (TIB),global,CC BY,1704,15989,0.10657326912252173
2026,BMJ (BSB),global,CC BY,235,2835,0.08289241622574955
2026,CUP (BSB),global,CC BY,5154,10601,0.4861805490048109
2026,ECS (TIB),global,CC BY,224,696,0.3218390804597701
2026,IOP (TIB),global,CC BY,3697,13082,0.2826020486164195
2026,Karger (BSB),global,CC BY,259,1961,0.1320754716981132
2026,Nature (MPDL),global,CC BY,1131,7555,0.14970218398411647
2026,RSC (TIB),global,CC BY,2890,20438,0.14140326842156767
2026,Sage (BSB),global,CC BY,4690,34165,0.13727498902385482
2026,TaylorFrancis (ZBW),global,CC BY,1444,8772,0.16461468308253535
2017,AIP (TIB),global,CC BY-SA,0,0,0
2017,BMJ (BSB),global,CC BY-SA,0,0,0
2017,CUP (BSB),global,CC BY-SA,0,0,0
2017,ECS (TIB),global,CC BY-SA,0,0,0
2017,IOP (TIB),global,CC BY-SA,0,0,0
2017,Karger (BSB),global,CC BY-SA,0,0,0
2017,Nature (MPDL),global,CC BY-SA,0,0,0
2017,RSC (TIB),global,CC BY-SA,0,0,0
2017,Sage (BSB),global,CC BY-SA,0,0,0
2017,TaylorFrancis (ZBW),global,CC BY-SA,0,0,0
2018,AIP (TIB),global,CC BY-SA,0,0,0
2018,BMJ (BSB),global,CC BY-SA,0,0,0
2018,CUP (BSB),global,CC BY-SA,0,0,0
2018,ECS (TIB),global,CC BY-SA,0,0,0
2018,IOP (TIB),global,CC BY-SA,0,0,0
2018,Karger (BSB),global,CC BY-SA,0,0,0
2018,Nature (MPDL),global,CC BY-SA,0,0,0
2018,RSC (TIB),global,CC BY-SA,0,0,0
2018,Sage (BSB),global,CC BY-SA,0,0,0
2018,TaylorFrancis (ZBW),global,CC BY-SA,0,0,0
2019,AIP (TIB),global,CC BY-SA,0,0,0
2019,BMJ (BSB),global,CC BY-SA,0,0,0
2019,CUP (BSB),global,CC BY-SA,0,0,0
2019,ECS (TIB),global,CC BY-SA,0,0,0
2019,IOP (TIB),global,CC BY-SA,0,0,0
2019,Karger (BSB),global,CC BY-SA,0,0,0
2019,Nature (MPDL),global,CC BY-SA,0,0,0
2019,RSC (TIB),global,CC BY-SA,0,0,0
2019,Sage (BSB),global,CC BY-SA,0,0,0
2019,TaylorFrancis (ZBW),global,CC BY-SA,0,0,0
2020,AIP (TIB),global,CC BY-SA,0,0,0
2020,BMJ (BSB),global,CC BY-SA,0,0,0
2020,CUP (BSB),global,CC BY-SA,0,0,0
2020,ECS (TIB),global,CC BY-SA,0,0,0
2020,IOP (TIB),global,CC BY-SA,0,0,0
2020,Karger (BSB),global,CC BY-SA,0,0,0
2020,Nature (MPDL),global,CC BY-SA,0,0,0
2020,RSC (TIB),global,CC BY-SA,0,0,0
2020,Sage (BSB),global,CC BY-SA,0,0,0
2020,TaylorFrancis (ZBW),global,CC BY-SA,0,0,0
2021,AIP (TIB),global,CC BY-SA,0,0,0
2021,BMJ (BSB),global,CC BY-SA,0,0,0
2021,CUP (BSB),global,CC BY-SA,0,0,0
2021,ECS (TIB),global,CC BY-SA,0,0,0
2021,IOP (TIB),global,CC BY-SA,0,0,0
2021,Karger (BSB),global,CC BY-SA,0,0,0
2021,Nature (MPDL),global,CC BY-SA,0,0,0
2021,RSC (TIB),global,CC BY-SA,0,0,0
2021,Sage (BSB),global,CC BY-SA,0,0,0
2021,TaylorFrancis (ZBW),global,CC BY-SA,0,0,0
2022,AIP (TIB),global,CC BY-SA,0,0,0
2022,BMJ (BSB),global,CC BY-SA,0,0,0
2022,CUP (BSB),global,CC BY-SA,14,24110,5.806719203649938e-4
2022,ECS (TIB),global,CC BY-SA,0,0,0
2022,IOP (TIB),global,CC BY-SA,0,0,0
2022,Karger (BSB),global,CC BY-SA,0,0,0
2022,Nature (MPDL),global,CC BY-SA,0,0,0
2022,RSC (TIB),global,CC BY-SA,0,0,0
2022,Sage (BSB),global,CC BY-SA,0,0,0
2022,TaylorFrancis (ZBW),global,CC BY-SA,0,0,0
2023,AIP (TIB),global,CC BY-SA,0,0,0
2023,BMJ (BSB),global,CC BY-SA,0,0,0
2023,CUP (BSB),global,CC BY-SA,33,24325,0.001356628982528263
2023,ECS (TIB),global,CC BY-SA,0,0,0
2023,IOP (TIB),global,CC BY-SA,0,0,0
2023,Karger (BSB),global,CC BY-SA,0,0,0
2023,Nature (MPDL),global,CC BY-SA,0,0,0
2023,RSC (TIB),global,CC BY-SA,0,0,0
2023,Sage (BSB),global,CC BY-SA,0,0,0
2023,TaylorFrancis (ZBW),global,CC BY-SA,0,0,0
2024,AIP (TIB),global,CC BY-SA,0,0,0
2024,BMJ (BSB),global,CC BY-SA,0,0,0
2024,CUP (BSB),global,CC BY-SA,27,21903,0.0012327078482399672
2024,ECS (TIB),global,CC BY-SA,0,0,0
2024,IOP (TIB),global,CC BY-SA,0,0,0
2024,Karger (BSB),global,CC BY-SA,0,0,0
2024,Nature (MPDL),global,CC BY-SA,0,0,0
2024,RSC (TIB),global,CC BY-SA,0,0,0
2024,Sage (BSB),global,CC BY-SA,0,0,0
2024,TaylorFrancis (ZBW),global,CC BY-SA,0,0,0
2025,AIP (TIB),global,CC BY-SA,0,0,0
2025,BMJ (BSB),global,CC BY-SA,0,0,0
2025,CUP (BSB),global,CC BY-SA,81,23713,0.003415847847172437
2025,ECS (TIB),global,CC BY-SA,0,0,0
2025,IOP (TIB),global,CC BY-SA,0,0,0
2025,Karger (BSB),global,CC BY-SA,0,0,0
2025,Nature (MPDL),global,CC BY-SA,0,0,0
2025,RSC (TIB),global,CC BY-SA,0,0,0
2025,Sage (BSB),global,CC BY-SA,0,0,0
2025,TaylorFrancis (ZBW),global,CC BY-SA,0,0,0
2026,AIP (TIB),global,CC BY-SA,0,0,0
2026,BMJ (BSB),global,CC BY-SA,0,0,0
2026,CUP (BSB),global,CC BY-SA,46,10601,0.004339213281765871
2026,ECS (TIB),global,CC BY-SA,0,0,0
2026,IOP (TIB),global,CC BY-SA,0,0,0
2026,Karger (BSB),global,CC BY-SA,0,0,0
2026,Nature (MPDL),global,CC BY-SA,0,0,0
2026,RSC (TIB),global,CC BY-SA,0,0,0
2026,Sage (BSB),global,CC BY-SA,0,0,0
2026,TaylorFrancis (ZBW),global,CC BY-SA,0,0,0
2017,AIP (TIB),global,CC BY-NC,0,0,0
2017,BMJ (BSB),global,CC BY-NC,75,10557,0.007104290991759022
2017,CUP (BSB),global,CC BY-NC,0,0,0
2017,ECS (TIB),global,CC BY-NC,0,0,0
2017,IOP (TIB),global,CC BY-NC,0,0,0
2017,Karger (BSB),global,CC BY-NC,1,4958,2.016942315449778e-4
2017,Nature (MPDL),global,CC BY-NC,0,0,0
2017,RSC (TIB),global,CC BY-NC,190,28203,0.006736871963975464
2017,Sage (BSB),global,CC BY-NC,114,58807,0.0019385447310694304
2017,TaylorFrancis (ZBW),global,CC BY-NC,0,0,0
2018,AIP (TIB),global,CC BY-NC,0,0,0
2018,BMJ (BSB),global,CC BY-NC,79,10184,0.0077572663000785545
2018,CUP (BSB),global,CC BY-NC,2,25747,7.767895288771507e-5
2018,ECS (TIB),global,CC BY-NC,0,0,0
2018,IOP (TIB),global,CC BY-NC,0,0,0
2018,Karger (BSB),global,CC BY-NC,1,5189,1.927153594141453e-4
2018,Nature (MPDL),global,CC BY-NC,0,0,0
2018,RSC (TIB),global,CC BY-NC,607,29114,0.020849076045888575
2018,Sage (BSB),global,CC BY-NC,222,58721,0.0037805895676163554
2018,TaylorFrancis (ZBW),global,CC BY-NC,0,0,0
2019,AIP (TIB),global,CC BY-NC,0,0,0
2019,BMJ (BSB),global,CC BY-NC,265,10844,0.024437476945776467
2019,CUP (BSB),global,CC BY-NC,3,25754,1.1648675933835521e-4
2019,ECS (TIB),global,CC BY-NC,0,0,0
2019,IOP (TIB),global,CC BY-NC,0,0,0
2019,Karger (BSB),global,CC BY-NC,6,5178,0.0011587485515643105
2019,Nature (MPDL),global,CC BY-NC,0,0,0
2019,RSC (TIB),global,CC BY-NC,1063,30421,0.034942967029354725
2019,Sage (BSB),global,CC BY-NC,701,58335,0.012016799520013714
2019,TaylorFrancis (ZBW),global,CC BY-NC,2,13575,1.4732965009208102e-4
2020,AIP (TIB),global,CC BY-NC,0,0,0
2020,BMJ (BSB),global,CC BY-NC,827,10695,0.07732585320243104
2020,CUP (BSB),global,CC BY-NC,4,27561,1.4513261492688946e-4
2020,ECS (TIB),global,CC BY-NC,0,0,0
2020,IOP (TIB),global,CC BY-NC,0,0,0
2020,Karger (BSB),global,CC BY-NC,262,5150,0.05087378640776699
2020,Nature (MPDL),global,CC BY-NC,0,0,0
2020,RSC (TIB),global,CC BY-NC,1419,31758,0.044681655016058947
2020,Sage (BSB),global,CC BY-NC,2603,65608,0.0396750396293135
2020,TaylorFrancis (ZBW),global,CC BY-NC,2,13637,1.4665982254161473e-4
2021,AIP (TIB),global,CC BY-NC,0,0,0
2021,BMJ (BSB),global,CC BY-NC,835,8689,0.09609851536425365
2021,CUP (BSB),global,CC BY-NC,17,26459,6.425034959749046e-4
2021,ECS (TIB),global,CC BY-NC,0,0,0
2021,IOP (TIB),global,CC BY-NC,0,0,0
2021,Karger (BSB),global,CC BY-NC,681,5539,0.12294638021303485
2021,Nature (MPDL),global,CC BY-NC,0,0,0
2021,RSC (TIB),global,CC BY-NC,1570,30767,0.0510286995807196
2021,Sage (BSB),global,CC BY-NC,3558,63974,0.055616344139806796
2021,TaylorFrancis (ZBW),global,CC BY-NC,2,14285,1.400070003500175e-4
2022,AIP (TIB),global,CC BY-NC,1,27505,3.6357025995273585e-5
2022,BMJ (BSB),global,CC BY-NC,556,9342,0.059516163562406334
2022,CUP (BSB),global,CC BY-NC,61,24110,0.0025300705101617585
2022,ECS (TIB),global,CC BY-NC,0,0,0
2022,IOP (TIB),global,CC BY-NC,0,0,0
2022,Karger (BSB),global,CC BY-NC,599,4334,0.1382095062298108
2022,Nature (MPDL),global,CC BY-NC,0,0,0
2022,RSC (TIB),global,CC BY-NC,1423,30005,0.04742542909515081
2022,Sage (BSB),global,CC BY-NC,4562,62966,0.07245179938379442
2022,TaylorFrancis (ZBW),global,CC BY-NC,10,13139,7.610929294466854e-4
2023,AIP (TIB),global,CC BY-NC,0,0,0
2023,BMJ (BSB),global,CC BY-NC,686,7913,0.08669278402628586
2023,CUP (BSB),global,CC BY-NC,125,24325,0.0051387461459403904
2023,ECS (TIB),global,CC BY-NC,0,0,0
2023,IOP (TIB),global,CC BY-NC,0,0,0
2023,Karger (BSB),global,CC BY-NC,638,4299,0.14840660618748547
2023,Nature (MPDL),global,CC BY-NC,0,0,0
2023,RSC (TIB),global,CC BY-NC,2074,30268,0.06852121051936039
2023,Sage (BSB),global,CC BY-NC,5707,59951,0.09519440876715984
2023,TaylorFrancis (ZBW),global,CC BY-NC,21,12618,0.0016642891107941037
2024,AIP (TIB),global,CC BY-NC,583,39405,0.014795076766907753
2024,BMJ (BSB),global,CC BY-NC,759,8326,0.09116022099447514
2024,CUP (BSB),global,CC BY-NC,233,21903,0.010637812171848605
2024,ECS (TIB),global,CC BY-NC,0,0,0
2024,IOP (TIB),global,CC BY-NC,0,0,0
2024,Karger (BSB),global,CC BY-NC,638,4030,0.15831265508684864
2024,Nature (MPDL),global,CC BY-NC,0,0,0
2024,RSC (TIB),global,CC BY-NC,2769,30837,0.08979472711353244
2024,Sage (BSB),global,CC BY-NC,6252,59383,0.10528265665257734
2024,TaylorFrancis (ZBW),global,CC BY-NC,27,13399,0.002015075751921785
2025,AIP (TIB),global,CC BY-NC,768,35131,0.021861034414050268
2025,BMJ (BSB),global,CC BY-NC,822,8477,0.09696826707561637
2025,CUP (BSB),global,CC BY-NC,381,23713,0.016067136170033317
2025,ECS (TIB),global,CC BY-NC,0,0,0
2025,IOP (TIB),global,CC BY-NC,0,0,0
2025,Karger (BSB),global,CC BY-NC,739,4214,0.17536782154722355
2025,Nature (MPDL),global,CC BY-NC,0,0,0
2025,RSC (TIB),global,CC BY-NC,3538,32887,0.10758050293429014
2025,Sage (BSB),global,CC BY-NC,6817,62484,0.10909992958197298
2025,TaylorFrancis (ZBW),global,CC BY-NC,37,15355,0.0024096385542168677
2026,AIP (TIB),global,CC BY-NC,40,15989,0.0025017199324535618
2026,BMJ (BSB),global,CC BY-NC,387,2835,0.1365079365079365
2026,CUP (BSB),global,CC BY-NC,193,10601,0.01820582963871333
2026,ECS (TIB),global,CC BY-NC,0,0,0
2026,IOP (TIB),global,CC BY-NC,0,0,0
2026,Karger (BSB),global,CC BY-NC,395,1961,0.2014278429372769
2026,Nature (MPDL),global,CC BY-NC,0,0,0
2026,RSC (TIB),global,CC BY-NC,2131,20438,0.10426656228593796
2026,Sage (BSB),global,CC BY-NC,4305,34165,0.12600614664129958
2026,TaylorFrancis (ZBW),global,CC BY-NC,17,8772,0.001937984496124031
2017,AIP (TIB),global,CC BY-NC-SA,0,0,0
2017,BMJ (BSB),global,CC BY-NC-SA,0,0,0
2017,CUP (BSB),global,CC BY-NC-SA,30,24710,0.0012140833670578712
2017,ECS (TIB),global,CC BY-NC-SA,0,0,0
2017,IOP (TIB),global,CC BY-NC-SA,0,0,0
2017,Karger (BSB),global,CC BY-NC-SA,0,0,0
2017,Nature (MPDL),global,CC BY-NC-SA,0,0,0
2017,RSC (TIB),global,CC BY-NC-SA,0,0,0
2017,Sage (BSB),global,CC BY-NC-SA,0,0,0
2017,TaylorFrancis (ZBW),global,CC BY-NC-SA,0,0,0
2018,AIP (TIB),global,CC BY-NC-SA,0,0,0
2018,BMJ (BSB),global,CC BY-NC-SA,0,0,0
2018,CUP (BSB),global,CC BY-NC-SA,34,25747,0.0013205421990911562
2018,ECS (TIB),global,CC BY-NC-SA,0,0,0
2018,IOP (TIB),global,CC BY-NC-SA,0,0,0
2018,Karger (BSB),global,CC BY-NC-SA,0,0,0
2018,Nature (MPDL),global,CC BY-NC-SA,1,10753,9.299730307821073e-5
2018,RSC (TIB),global,CC BY-NC-SA,0,0,0
2018,Sage (BSB),global,CC BY-NC-SA,0,0,0
2018,TaylorFrancis (ZBW),global,CC BY-NC-SA,0,0,0
2019,AIP (TIB),global,CC BY-NC-SA,0,0,0
2019,BMJ (BSB),global,CC BY-NC-SA,0,0,0
2019,CUP (BSB),global,CC BY-NC-SA,68,25754,0.002640366545002718
2019,ECS (TIB),global,CC BY-NC-SA,0,0,0
2019,IOP (TIB),global,CC BY-NC-SA,1,15565,6.424670735624799e-5
2019,Karger (BSB),global,CC BY-NC-SA,0,0,0
2019,Nature (MPDL),global,CC BY-NC-SA,0,0,0
2019,RSC (TIB),global,CC BY-NC-SA,0,0,0
2019,Sage (BSB),global,CC BY-NC-SA,0,0,0
2019,TaylorFrancis (ZBW),global,CC BY-NC-SA,0,0,0
2020,AIP (TIB),global,CC BY-NC-SA,0,0,0
2020,BMJ (BSB),global,CC BY-NC-SA,0,0,0
2020,CUP (BSB),global,CC BY-NC-SA,137,27561,0.004970792061245963
2020,ECS (TIB),global,CC BY-NC-SA,0,0,0
2020,IOP (TIB),global,CC BY-NC-SA,0,0,0
2020,Karger (BSB),global,CC BY-NC-SA,0,0,0
2020,Nature (MPDL),global,CC BY-NC-SA,0,0,0
2020,RSC (TIB),global,CC BY-NC-SA,0,0,0
2020,Sage (BSB),global,CC BY-NC-SA,0,0,0
2020,TaylorFrancis (ZBW),global,CC BY-NC-SA,0,0,0
2021,AIP (TIB),global,CC BY-NC-SA,0,0,0
2021,BMJ (BSB),global,CC BY-NC-SA,0,0,0
2021,CUP (BSB),global,CC BY-NC-SA,228,26459,0.00861710571072225
2021,ECS (TIB),global,CC BY-NC-SA,0,0,0
2021,IOP (TIB),global,CC BY-NC-SA,0,0,0
2021,Karger (BSB),global,CC BY-NC-SA,0,0,0
2021,Nature (MPDL),global,CC BY-NC-SA,0,0,0
2021,RSC (TIB),global,CC BY-NC-SA,0,0,0
2021,Sage (BSB),global,CC BY-NC-SA,0,0,0
2021,TaylorFrancis (ZBW),global,CC BY-NC-SA,0,0,0
2022,AIP (TIB),global,CC BY-NC-SA,0,0,0
2022,BMJ (BSB),global,CC BY-NC-SA,0,0,0
2022,CUP (BSB),global,CC BY-NC-SA,235,24110,0.009746992948983823
2022,ECS (TIB),global,CC BY-NC-SA,0,0,0
2022,IOP (TIB),global,CC BY-NC-SA,0,0,0
2022,Karger (BSB),global,CC BY-NC-SA,0,0,0
2022,Nature (MPDL),global,CC BY-NC-SA,0,0,0
2022,RSC (TIB),global,CC BY-NC-SA,0,0,0
2022,Sage (BSB),global,CC BY-NC-SA,1,62966,1.5881586888161864e-5
2022,TaylorFrancis (ZBW),global,CC BY-NC-SA,0,0,0
2023,AIP (TIB),global,CC BY-NC-SA,0,0,0
2023,BMJ (BSB),global,CC BY-NC-SA,0,0,0
2023,CUP (BSB),global,CC BY-NC-SA,291,24325,0.01196300102774923
2023,ECS (TIB),global,CC BY-NC-SA,0,0,0
2023,IOP (TIB),global,CC BY-NC-SA,0,0,0
2023,Karger (BSB),global,CC BY-NC-SA,0,0,0
2023,Nature (MPDL),global,CC BY-NC-SA,0,0,0
2023,RSC (TIB),global,CC BY-NC-SA,0,0,0
2023,Sage (BSB),global,CC BY-NC-SA,2,59951,3.336057780520759e-5
2023,TaylorFrancis (ZBW),global,CC BY-NC-SA,0,0,0
2024,AIP (TIB),global,CC BY-NC-SA,0,0,0
2024,BMJ (BSB),global,CC BY-NC-SA,0,0,0
2024,CUP (BSB),global,CC BY-NC-SA,322,21903,0.014701182486417386
2024,ECS (TIB),global,CC BY-NC-SA,0,0,0
2024,IOP (TIB),global,CC BY-NC-SA,0,0,0
2024,Karger (BSB),global,CC BY-NC-SA,0,0,0
2024,Nature (MPDL),global,CC BY-NC-SA,0,0,0
2024,RSC (TIB),global,CC BY-NC-SA,0,0,0
2024,Sage (BSB),global,CC BY-NC-SA,1,59383,1.6839836316791e-5
2024,TaylorFrancis (ZBW),global,CC BY-NC-SA,0,0,0
2025,AIP (TIB),global,CC BY-NC-SA,0,0,0
2025,BMJ (BSB),global,CC BY-NC-SA,0,0,0
2025,CUP (BSB),global,CC BY-NC-SA,416,23713,0.017543119807700416
2025,ECS (TIB),global,CC BY-NC-SA,0,0,0
2025,IOP (TIB),global,CC BY-NC-SA,0,0,0
2025,Karger (BSB),global,CC BY-NC-SA,0,0,0
2025,Nature (MPDL),global,CC BY-NC-SA,0,0,0
2025,RSC (TIB),global,CC BY-NC-SA,0,0,0
2025,Sage (BSB),global,CC BY-NC-SA,4,62484,6.401638819537802e-5
2025,TaylorFrancis (ZBW),global,CC BY-NC-SA,0,0,0
2026,AIP (TIB),global,CC BY-NC-SA,0,0,0
2026,BMJ (BSB),global,CC BY-NC-SA,0,0,0
2026,CUP (BSB),global,CC BY-NC-SA,233,10601,0.021979058579379304
2026,ECS (TIB),global,CC BY-NC-SA,0,0,0
2026,IOP (TIB),global,CC BY-NC-SA,0,0,0
2026,Karger (BSB),global,CC BY-NC-SA,0,0,0
2026,Nature (MPDL),global,CC BY-NC-SA,0,0,0
2026,RSC (TIB),global,CC BY-NC-SA,0,0,0
2026,Sage (BSB),global,CC BY-NC-SA,1,34165,2.926972047416947e-5
2026,TaylorFrancis (ZBW),global,CC BY-NC-SA,0,0,0
2017,AIP (TIB),global,CC BY-ND,0,0,0
2017,BMJ (BSB),global,CC BY-ND,0,0,0
2017,CUP (BSB),global,CC BY-ND,0,0,0
2017,ECS (TIB),global,CC BY-ND,0,0,0
2017,IOP (TIB),global,CC BY-ND,0,0,0
2017,Karger (BSB),global,CC BY-ND,0,0,0
2017,Nature (MPDL),global,CC BY-ND,0,0,0
2017,RSC (TIB),global,CC BY-ND,0,0,0
2017,Sage (BSB),global,CC BY-ND,0,0,0
2017,TaylorFrancis (ZBW),global,CC BY-ND,0,0,0
2018,AIP (TIB),global,CC BY-ND,0,0,0
2018,BMJ (BSB),global,CC BY-ND,0,0,0
2018,CUP (BSB),global,CC BY-ND,0,0,0
2018,ECS (TIB),global,CC BY-ND,0,0,0
2018,IOP (TIB),global,CC BY-ND,0,0,0
2018,Karger (BSB),global,CC BY-ND,0,0,0
2018,Nature (MPDL),global,CC BY-ND,0,0,0
2018,RSC (TIB),global,CC BY-ND,0,0,0
2018,Sage (BSB),global,CC BY-ND,0,0,0
2018,TaylorFrancis (ZBW),global,CC BY-ND,0,0,0
2019,AIP (TIB),global,CC BY-ND,0,0,0
2019,BMJ (BSB),global,CC BY-ND,0,0,0
2019,CUP (BSB),global,CC BY-ND,0,0,0
2019,ECS (TIB),global,CC BY-ND,0,0,0
2019,IOP (TIB),global,CC BY-ND,0,0,0
2019,Karger (BSB),global,CC BY-ND,0,0,0
2019,Nature (MPDL),global,CC BY-ND,0,0,0
2019,RSC (TIB),global,CC BY-ND,0,0,0
2019,Sage (BSB),global,CC BY-ND,0,0,0
2019,TaylorFrancis (ZBW),global,CC BY-ND,0,0,0
2020,AIP (TIB),global,CC BY-ND,0,0,0
2020,BMJ (BSB),global,CC BY-ND,0,0,0
2020,CUP (BSB),global,CC BY-ND,0,0,0
2020,ECS (TIB),global,CC BY-ND,0,0,0
2020,IOP (TIB),global,CC BY-ND,0,0,0
2020,Karger (BSB),global,CC BY-ND,0,0,0
2020,Nature (MPDL),global,CC BY-ND,0,0,0
2020,RSC (TIB),global,CC BY-ND,0,0,0
2020,Sage (BSB),global,CC BY-ND,0,0,0
2020,TaylorFrancis (ZBW),global,CC BY-ND,1,13637,7.332991127080736e-5
2021,AIP (TIB),global,CC BY-ND,0,0,0
2021,BMJ (BSB),global,CC BY-ND,0,0,0
2021,CUP (BSB),global,CC BY-ND,1,26459,3.779432329264145e-5
2021,ECS (TIB),global,CC BY-ND,0,0,0
2021,IOP (TIB),global,CC BY-ND,0,0,0
2021,Karger (BSB),global,CC BY-ND,0,0,0
2021,Nature (MPDL),global,CC BY-ND,0,0,0
2021,RSC (TIB),global,CC BY-ND,0,0,0
2021,Sage (BSB),global,CC BY-ND,0,0,0
2021,TaylorFrancis (ZBW),global,CC BY-ND,0,0,0
2022,AIP (TIB),global,CC BY-ND,0,0,0
2022,BMJ (BSB),global,CC BY-ND,0,0,0
2022,CUP (BSB),global,CC BY-ND,6,24110,2.488593944421402e-4
2022,ECS (TIB),global,CC BY-ND,0,0,0
2022,IOP (TIB),global,CC BY-ND,0,0,0
2022,Karger (BSB),global,CC BY-ND,0,0,0
2022,Nature (MPDL),global,CC BY-ND,0,0,0
2022,RSC (TIB),global,CC BY-ND,0,0,0
2022,Sage (BSB),global,CC BY-ND,0,0,0
2022,TaylorFrancis (ZBW),global,CC BY-ND,0,0,0
2023,AIP (TIB),global,CC BY-ND,0,0,0
2023,BMJ (BSB),global,CC BY-ND,0,0,0
2023,CUP (BSB),global,CC BY-ND,12,24325,4.933196300102775e-4
2023,ECS (TIB),global,CC BY-ND,0,0,0
2023,IOP (TIB),global,CC BY-ND,0,0,0
2023,Karger (BSB),global,CC BY-ND,0,0,0
2023,Nature (MPDL),global,CC BY-ND,0,0,0
2023,RSC (TIB),global,CC BY-ND,0,0,0
2023,Sage (BSB),global,CC BY-ND,0,0,0
2023,TaylorFrancis (ZBW),global,CC BY-ND,0,0,0
2024,AIP (TIB),global,CC BY-ND,0,0,0
2024,BMJ (BSB),global,CC BY-ND,0,0,0
2024,CUP (BSB),global,CC BY-ND,23,21903,0.0010500844633155276
2024,ECS (TIB),global,CC BY-ND,0,0,0
2024,IOP (TIB),global,CC BY-ND,0,0,0
2024,Karger (BSB),global,CC BY-ND,0,0,0
2024,Nature (MPDL),global,CC BY-ND,0,0,0
2024,RSC (TIB),global,CC BY-ND,0,0,0
2024,Sage (BSB),global,CC BY-ND,0,0,0
2024,TaylorFrancis (ZBW),global,CC BY-ND,0,0,0
2025,AIP (TIB),global,CC BY-ND,0,0,0
2025,BMJ (BSB),global,CC BY-ND,0,0,0
2025,CUP (BSB),global,CC BY-ND,46,23713,0.0019398642095053346
2025,ECS (TIB),global,CC BY-ND,0,0,0
2025,IOP (TIB),global,CC BY-ND,0,0,0
2025,Karger (BSB),global,CC BY-ND,0,0,0
2025,Nature (MPDL),global,CC BY-ND,0,0,0
2025,RSC (TIB),global,CC BY-ND,0,0,0
2025,Sage (BSB),global,CC BY-ND,0,0,0
2025,TaylorFrancis (ZBW),global,CC BY-ND,0,0,0
2026,AIP (TIB),global,CC BY-ND,0,0,0
2026,BMJ (BSB),global,CC BY-ND,0,0,0
2026,CUP (BSB),global,CC BY-ND,21,10601,0.001980945193849637
2026,ECS (TIB),global,CC BY-ND,0,0,0
2026,IOP (TIB),global,CC BY-ND,0,0,0
2026,Karger (BSB),global,CC BY-ND,0,0,0
2026,Nature (MPDL),global,CC BY-ND,0,0,0
2026,RSC (TIB),global,CC BY-ND,0,0,0
2026,Sage (BSB),global,CC BY-ND,0,0,0
2026,TaylorFrancis (ZBW),global,CC BY-ND,0,0,0
2017,AIP (TIB),global,CC BY-NC-ND,0,0,0
2017,BMJ (BSB),global,CC BY-NC-ND,0,0,0
2017,CUP (BSB),global,CC BY-NC-ND,20,24710,8.093889113719142e-4
2017,ECS (TIB),global,CC BY-NC-ND,0,0,0
2017,IOP (TIB),global,CC BY-NC-ND,1,16311,6.130831953896144e-5
2017,Karger (BSB),global,CC BY-NC-ND,169,4958,0.03408632513110125
2017,Nature (MPDL),global,CC BY-NC-ND,0,0,0
2017,RSC (TIB),global,CC BY-NC-ND,0,0,0
2017,Sage (BSB),global,CC BY-NC-ND,6,58807,1.0202867005628581e-4
2017,TaylorFrancis (ZBW),global,CC BY-NC-ND,422,12643,0.03337815391916475
2018,AIP (TIB),global,CC BY-NC-ND,1,28571,3.5000525007875116e-5
2018,BMJ (BSB),global,CC BY-NC-ND,0,0,0
2018,CUP (BSB),global,CC BY-NC-ND,55,25747,0.0021361712044121644
2018,ECS (TIB),global,CC BY-NC-ND,163,1841,0.08853883758826725
2018,IOP (TIB),global,CC BY-NC-ND,0,0,0
2018,Karger (BSB),global,CC BY-NC-ND,215,5189,0.04143380227404124
2018,Nature (MPDL),global,CC BY-NC-ND,1,10753,9.299730307821073e-5
2018,RSC (TIB),global,CC BY-NC-ND,0,0,0
2018,Sage (BSB),global,CC BY-NC-ND,7,58721,1.1920777915907427e-4
2018,TaylorFrancis (ZBW),global,CC BY-NC-ND,199,12373,0.01608340741938091
2019,AIP (TIB),global,CC BY-NC-ND,0,0,0
2019,BMJ (BSB),global,CC BY-NC-ND,0,0,0
2019,CUP (BSB),global,CC BY-NC-ND,91,25754,0.003533431699930108
2019,ECS (TIB),global,CC BY-NC-ND,185,1999,0.09254627313656828
2019,IOP (TIB),global,CC BY-NC-ND,0,0,0
2019,Karger (BSB),global,CC BY-NC-ND,201,5178,0.0388180764774044
2019,Nature (MPDL),global,CC BY-NC-ND,0,0,0
2019,RSC (TIB),global,CC BY-NC-ND,0,0,0
2019,Sage (BSB),global,CC BY-NC-ND,5,58335,8.571183680466272e-5
2019,TaylorFrancis (ZBW),global,CC BY-NC-ND,723,13575,0.05325966850828729
2020,AIP (TIB),global,CC BY-NC-ND,0,0,0
2020,BMJ (BSB),global,CC BY-NC-ND,1,10695,9.350163627863488e-5
2020,CUP (BSB),global,CC BY-NC-ND,203,27561,0.00736548020753964
2020,ECS (TIB),global,CC BY-NC-ND,224,2050,0.10926829268292683
2020,IOP (TIB),global,CC BY-NC-ND,1,17649,5.666043401892458e-5
2020,Karger (BSB),global,CC BY-NC-ND,168,5150,0.03262135922330097
2020,Nature (MPDL),global,CC BY-NC-ND,0,0,0
2020,RSC (TIB),global,CC BY-NC-ND,0,0,0
2020,Sage (BSB),global,CC BY-NC-ND,17,65608,2.5911474210462137e-4
2020,TaylorFrancis (ZBW),global,CC BY-NC-ND,846,13637,0.062037104935103025
2021,AIP (TIB),global,CC BY-NC-ND,0,0,0
2021,BMJ (BSB),global,CC BY-NC-ND,0,0,0
2021,CUP (BSB),global,CC BY-NC-ND,362,26459,0.013681545031936203
2021,ECS (TIB),global,CC BY-NC-ND,185,2059,0.08984944147644487
2021,IOP (TIB),global,CC BY-NC-ND,4,17081,2.3417832679585503e-4
2021,Karger (BSB),global,CC BY-NC-ND,5,5539,9.026900162484203e-4
2021,Nature (MPDL),global,CC BY-NC-ND,1,11217,8.91503967192654e-5
2021,RSC (TIB),global,CC BY-NC-ND,0,0,0
2021,Sage (BSB),global,CC BY-NC-ND,34,63974,5.314659080251352e-4
2021,TaylorFrancis (ZBW),global,CC BY-NC-ND,1714,14285,0.119985999299965
2022,AIP (TIB),global,CC BY-NC-ND,0,0,0
2022,BMJ (BSB),global,CC BY-NC-ND,0,0,0
2022,CUP (BSB),global,CC BY-NC-ND,418,24110,0.017337204479469098
2022,ECS (TIB),global,CC BY-NC-ND,115,2012,0.05715705765407555
2022,IOP (TIB),global,CC BY-NC-ND,0,0,0
2022,Karger (BSB),global,CC BY-NC-ND,27,4334,0.006229810798338717
2022,Nature (MPDL),global,CC BY-NC-ND,0,0,0
2022,RSC (TIB),global,CC BY-NC-ND,0,0,0
2022,Sage (BSB),global,CC BY-NC-ND,17,62966,2.699869770987517e-4
2022,TaylorFrancis (ZBW),global,CC BY-NC-ND,1702,13139,0.12953801659182587
2023,AIP (TIB),global,CC BY-NC-ND,0,0,0
2023,BMJ (BSB),global,CC BY-NC-ND,0,0,0
2023,CUP (BSB),global,CC BY-NC-ND,463,24325,0.019033915724563207
2023,ECS (TIB),global,CC BY-NC-ND,95,1640,0.057926829268292686
2023,IOP (TIB),global,CC BY-NC-ND,1,16054,6.228977201943441e-5
2023,Karger (BSB),global,CC BY-NC-ND,24,4299,0.005582693649685973
2023,Nature (MPDL),global,CC BY-NC-ND,0,0,0
2023,RSC (TIB),global,CC BY-NC-ND,0,0,0
2023,Sage (BSB),global,CC BY-NC-ND,54,59951,9.007356007406048e-4
2023,TaylorFrancis (ZBW),global,CC BY-NC-ND,1565,12618,0.1240291646853701
2024,AIP (TIB),global,CC BY-NC-ND,796,39405,0.02020048217231316
2024,BMJ (BSB),global,CC BY-NC-ND,4,8326,4.8042277203939464e-4
2024,CUP (BSB),global,CC BY-NC-ND,568,21903,0.02593252065927042
2024,ECS (TIB),global,CC BY-NC-ND,74,1620,0.04567901234567901
2024,IOP (TIB),global,CC BY-NC-ND,1,21675,4.61361014994233e-5
2024,Karger (BSB),global,CC BY-NC-ND,26,4030,0.0064516129032258064
2024,Nature (MPDL),global,CC BY-NC-ND,358,14136,0.025325410299943407
2024,RSC (TIB),global,CC BY-NC-ND,0,0,0
2024,Sage (BSB),global,CC BY-NC-ND,104,59383,0.001751342976946264
2024,TaylorFrancis (ZBW),global,CC BY-NC-ND,1758,13399,0.13120382118068513
2025,AIP (TIB),global,CC BY-NC-ND,942,35131,0.026813925023483533
2025,BMJ (BSB),global,CC BY-NC-ND,39,8477,0.004600684204317565
2025,CUP (BSB),global,CC BY-NC-ND,838,23713,0.035339265381858054
2025,ECS (TIB),global,CC BY-NC-ND,65,1486,0.04374158815612382
2025,IOP (TIB),global,CC BY-NC-ND,0,0,0
2025,Karger (BSB),global,CC BY-NC-ND,33,4214,0.007831039392501186
2025,Nature (MPDL),global,CC BY-NC-ND,1076,14615,0.07362299007868628
2025,RSC (TIB),global,CC BY-NC-ND,0,0,0
2025,Sage (BSB),global,CC BY-NC-ND,98,62484,0.0015684015107867615
2025,TaylorFrancis (ZBW),global,CC BY-NC-ND,1858,15355,0.12100293064148486
2026,AIP (TIB),global,CC BY-NC-ND,38,15989,0.0023766339358308837
2026,BMJ (BSB),global,CC BY-NC-ND,26,2835,0.009171075837742505
2026,CUP (BSB),global,CC BY-NC-ND,512,10601,0.04829733044052448
2026,ECS (TIB),global,CC BY-NC-ND,18,696,0.02586206896551724
2026,IOP (TIB),global,CC BY-NC-ND,0,0,0
2026,Karger (BSB),global,CC BY-NC-ND,13,1961,0.006629270780214177
2026,Nature (MPDL),global,CC BY-NC-ND,612,7555,0.08100595632031767
2026,RSC (TIB),global,CC BY-NC-ND,0,0,0
2026,Sage (BSB),global,CC BY-NC-ND,59,34165,0.0017269135079759988
2026,TaylorFrancis (ZBW),global,CC BY-NC-ND,871,8772,0.09929320565435476
