cr_year,country_name,cc_total,articles,prop
2017,United Arab Emirates,0,2,0
2017,Albania,0,1,0
2017,Argentina,0,15,0
2017,Austria,4,50,0.08
2017,Australia,1,81,0.012345679012345678
2017,Bangladesh,0,1,0
2017,Belgium,2,47,0.0425531914893617
2017,Bulgaria,0,3,0
2017,Brazil,2,127,0.015748031496062992
2017,Canada,0,64,0
2017,Switzerland,5,101,0.04950495049504951
2017,Chile,0,9,0
2017,Cameroon,0,3,0
2017,China,5,277,0.018050541516245487
2017,Colombia,0,6,0
2017,Cuba,0,1,0
2017,Cyprus,0,2,0
2017,Czechia,1,31,0.03225806451612903
2017,Germany,17,512,0.033203125
2017,Denmark,0,37,0
2017,Dominica,0,1,0
2017,Ecuador,0,1,0
2017,Estonia,1,6,0.16666666666666666
2017,Egypt,0,14,0
2017,Spain,0,97,0
2017,Ethiopia,0,2,0
2017,Finland,0,22,0
2017,France,0,116,0
2017,United Kingdom,14,141,0.09929078014184398
2017,Grenada,0,4,0
2017,French Guiana,0,1,0
2017,Ghana,0,1,0
2017,Gambia,0,1,0
2017,Greece,2,40,0.05
2017,Hong Kong SAR China,0,4,0
2017,Croatia,0,7,0
2017,Hungary,0,15,0
2017,Indonesia,0,1,0
2017,Ireland,0,17,0
2017,Israel,0,54,0
2017,India,1,63,0.015873015873015872
2017,Iran,0,26,0
2017,Iceland,0,1,0
2017,Italy,4,214,0.018691588785046728
2017,Jordan,0,2,0
2017,Japan,20,324,0.06172839506172839
2017,Cambodia,0,1,0
2017,South Korea,0,87,0
2017,Kuwait,0,1,0
2017,Lebanon,0,4,0
2017,Liechtenstein,0,1,0
2017,Sri Lanka,0,2,0
2017,Lithuania,0,5,0
2017,Latvia,0,1,0
2017,Morocco,0,8,0
2017,Moldova,0,2,0
2017,Madagascar,0,1,0
2017,Myanmar (Burma),1,1,1
2017,Mexico,0,23,0
2017,Malaysia,0,5,0
2017,Nigeria,0,3,0
2017,Netherlands,71,107,0.6635514018691588
2017,Norway,0,25,0
2017,New Zealand,0,10,0
2017,Oman,1,2,0.5
2017,Pakistan,0,2,0
2017,Poland,0,36,0
2017,Puerto Rico,0,5,0
2017,Portugal,0,32,0
2017,Qatar,1,7,0.14285714285714285
2017,Réunion,0,1,0
2017,Romania,0,3,0
2017,Serbia,0,3,0
2017,Russia,1,20,0.05
2017,Rwanda,0,1,0
2017,Saudi Arabia,0,10,0
2017,Sweden,2,43,0.046511627906976744
2017,Singapore,0,10,0
2017,Slovakia,0,2,0
2017,Thailand,0,15,0
2017,Tajikistan,0,1,0
2017,Tunisia,0,3,0
2017,Turkey,0,62,0
2017,Taiwan,0,27,0
2017,Ukraine,1,2,0.5
2017,United States,25,709,0.03526093088857546
2017,Uruguay,0,5,0
2017,Venezuela,0,2,0
2017,Vietnam,0,4,0
2017,South Africa,0,8,0
2018,United Arab Emirates,0,2,0
2018,Antigua & Barbuda,0,1,0
2018,Argentina,0,12,0
2018,Austria,1,47,0.02127659574468085
2018,Australia,4,61,0.06557377049180328
2018,Bosnia & Herzegovina,0,1,0
2018,Bangladesh,0,1,0
2018,Belgium,0,47,0
2018,Burkina Faso,0,1,0
2018,Bulgaria,0,2,0
2018,Brazil,0,121,0
2018,Canada,1,90,0.011111111111111112
2018,Switzerland,4,108,0.037037037037037035
2018,Chile,0,13,0
2018,Cameroon,0,1,0
2018,China,6,366,0.01639344262295082
2018,Colombia,0,7,0
2018,Cyprus,0,3,0
2018,Czechia,1,13,0.07692307692307693
2018,Germany,15,466,0.032188841201716736
2018,Denmark,5,39,0.1282051282051282
2018,Algeria,0,2,0
2018,Ecuador,0,1,0
2018,Estonia,0,2,0
2018,Egypt,0,21,0
2018,Spain,5,106,0.04716981132075472
2018,Finland,0,23,0
2018,Fiji,0,1,0
2018,France,2,118,0.01694915254237288
2018,United Kingdom,12,136,0.08823529411764706
2018,Ghana,0,1,0
2018,Greece,0,45,0
2018,Hong Kong SAR China,0,8,0
2018,Croatia,0,10,0
2018,Hungary,0,12,0
2018,Indonesia,0,4,0
2018,Ireland,0,19,0
2018,Israel,0,52,0
2018,India,1,52,0.019230769230769232
2018,Iraq,0,1,0
2018,Iran,1,45,0.022222222222222223
2018,Iceland,0,3,0
2018,Italy,6,269,0.022304832713754646
2018,Jordan,0,2,0
2018,Japan,16,342,0.04678362573099415
2018,South Korea,4,111,0.036036036036036036
2018,Kuwait,0,5,0
2018,Lebanon,0,5,0
2018,Lithuania,0,5,0
2018,Luxembourg,0,1,0
2018,Morocco,0,4,0
2018,Malta,0,1,0
2018,Mexico,0,28,0
2018,Malaysia,0,6,0
2018,Nigeria,0,1,0
2018,Netherlands,106,134,0.7910447761194029
2018,Norway,1,17,0.058823529411764705
2018,New Zealand,0,11,0
2018,Oman,0,2,0
2018,Peru,0,2,0
2018,Pakistan,0,3,0
2018,Poland,2,43,0.046511627906976744
2018,Puerto Rico,0,4,0
2018,Portugal,0,33,0
2018,Romania,0,3,0
2018,Serbia,0,6,0
2018,Russia,2,14,0.14285714285714285
2018,Saudi Arabia,1,15,0.06666666666666667
2018,Sudan,0,1,0
2018,Sweden,2,39,0.05128205128205128
2018,Singapore,0,7,0
2018,Slovenia,0,3,0
2018,Slovakia,0,2,0
2018,Senegal,0,2,0
2018,Thailand,1,20,0.05
2018,Tunisia,0,6,0
2018,Turkey,0,93,0
2018,Taiwan,0,38,0
2018,Uganda,0,1,0
2018,United States,22,614,0.035830618892508145
2018,Uruguay,0,1,0
2018,Vietnam,1,8,0.125
2018,South Africa,0,7,0
2019,United Arab Emirates,0,5,0
2019,Antigua & Barbuda,0,2,0
2019,Armenia,0,1,0
2019,Argentina,0,9,0
2019,Austria,5,60,0.08333333333333333
2019,Australia,3,70,0.04285714285714286
2019,Bangladesh,0,1,0
2019,Belgium,3,37,0.08108108108108109
2019,Bulgaria,0,2,0
2019,Brazil,2,118,0.01694915254237288
2019,Canada,2,82,0.024390243902439025
2019,Congo - Brazzaville,1,1,1
2019,Switzerland,9,96,0.09375
2019,Chile,0,7,0
2019,China,10,501,0.01996007984031936
2019,Colombia,0,8,0
2019,Cyprus,0,2,0
2019,Czechia,0,20,0
2019,Germany,16,443,0.03611738148984198
2019,Denmark,3,46,0.06521739130434782
2019,Ecuador,0,2,0
2019,Estonia,1,5,0.2
2019,Egypt,0,20,0
2019,Spain,4,111,0.036036036036036036
2019,Ethiopia,0,1,0
2019,Finland,0,26,0
2019,Faroe Islands,0,2,0
2019,France,2,108,0.018518518518518517
2019,United Kingdom,21,164,0.12804878048780488
2019,Greece,0,39,0
2019,Hong Kong SAR China,0,4,0
2019,Croatia,0,3,0
2019,Hungary,0,13,0
2019,Indonesia,0,8,0
2019,Ireland,0,13,0
2019,Israel,1,59,0.01694915254237288
2019,India,4,66,0.06060606060606061
2019,Iraq,0,2,0
2019,Iran,0,45,0
2019,Iceland,0,1,0
2019,Italy,4,232,0.017241379310344827
2019,Japan,22,314,0.07006369426751592
2019,Kenya,0,2,0
2019,South Korea,2,100,0.02
2019,Kuwait,0,5,0
2019,Kazakhstan,1,1,1
2019,Lebanon,0,1,0
2019,Liechtenstein,0,1,0
2019,Sri Lanka,0,4,0
2019,Lithuania,0,6,0
2019,Luxembourg,0,1,0
2019,Latvia,0,1,0
2019,Morocco,0,3,0
2019,Madagascar,0,1,0
2019,North Macedonia,0,1,0
2019,Malta,0,1,0
2019,Mexico,0,26,0
2019,Malaysia,0,8,0
2019,Mozambique,0,1,0
2019,Netherlands,90,110,0.8181818181818182
2019,Norway,3,20,0.15
2019,Nepal,0,1,0
2019,New Zealand,1,5,0.2
2019,Peru,0,2,0
2019,Philippines,0,1,0
2019,Pakistan,0,6,0
2019,Poland,3,41,0.07317073170731707
2019,Portugal,0,36,0
2019,Qatar,0,2,0
2019,Réunion,0,1,0
2019,Romania,0,8,0
2019,Serbia,1,11,0.09090909090909091
2019,Russia,4,17,0.23529411764705882
2019,Saudi Arabia,0,18,0
2019,Sudan,0,1,0
2019,Sweden,6,44,0.13636363636363635
2019,Singapore,1,11,0.09090909090909091
2019,Slovenia,0,4,0
2019,Slovakia,0,1,0
2019,Thailand,0,18,0
2019,Tunisia,0,5,0
2019,Turkey,1,84,0.011904761904761904
2019,Taiwan,0,31,0
2019,Ukraine,0,3,0
2019,United States,16,636,0.025157232704402517
2019,Uzbekistan,0,1,0
2019,Venezuela,0,1,0
2019,Vietnam,0,3,0
2019,South Africa,1,14,0.07142857142857142
2020,United Arab Emirates,0,6,0
2020,Argentina,0,5,0
2020,Austria,4,46,0.08695652173913043
2020,Australia,2,71,0.028169014084507043
2020,Azerbaijan,0,1,0
2020,Bangladesh,0,1,0
2020,Belgium,2,39,0.05128205128205128
2020,Bulgaria,0,3,0
2020,Benin,0,1,0
2020,Brazil,1,111,0.009009009009009009
2020,Canada,15,71,0.2112676056338028
2020,Switzerland,34,99,0.3434343434343434
2020,Chile,0,11,0
2020,China,16,453,0.03532008830022075
2020,Colombia,1,11,0.09090909090909091
2020,Costa Rica,0,1,0
2020,Cyprus,0,7,0
2020,Czechia,9,14,0.6428571428571429
2020,Germany,99,527,0.18785578747628084
2020,Denmark,2,36,0.05555555555555555
2020,Ecuador,0,1,0
2020,Egypt,0,31,0
2020,Spain,7,104,0.0673076923076923
2020,Finland,1,20,0.05
2020,France,3,98,0.030612244897959183
2020,United Kingdom,23,150,0.15333333333333332
2020,French Guiana,0,1,0
2020,Greece,0,45,0
2020,Hong Kong SAR China,0,3,0
2020,Croatia,0,6,0
2020,Hungary,0,8,0
2020,Indonesia,1,6,0.16666666666666666
2020,Ireland,0,9,0
2020,Israel,0,71,0
2020,India,0,62,0
2020,Iraq,0,4,0
2020,Iran,0,48,0
2020,Iceland,0,1,0
2020,Italy,6,273,0.02197802197802198
2020,Jersey,0,1,0
2020,Jordan,0,4,0
2020,Japan,52,269,0.19330855018587362
2020,South Korea,12,87,0.13793103448275862
2020,Kuwait,0,2,0
2020,Kazakhstan,0,2,0
2020,Lebanon,0,2,0
2020,Lithuania,0,5,0
2020,Luxembourg,0,1,0
2020,Libya,0,1,0
2020,Morocco,0,4,0
2020,Madagascar,0,1,0
2020,North Macedonia,0,1,0
2020,Mexico,1,25,0.04
2020,Malaysia,0,5,0
2020,Mozambique,0,1,0
2020,Nigeria,0,3,0
2020,Netherlands,81,98,0.826530612244898
2020,Norway,7,19,0.3684210526315789
2020,New Zealand,0,5,0
2020,Peru,0,3,0
2020,Philippines,0,3,0
2020,Pakistan,0,8,0
2020,Poland,2,46,0.043478260869565216
2020,Puerto Rico,0,2,0
2020,Portugal,1,31,0.03225806451612903
2020,Qatar,2,3,0.6666666666666666
2020,Romania,0,6,0
2020,Serbia,1,7,0.14285714285714285
2020,Russia,2,26,0.07692307692307693
2020,Rwanda,0,1,0
2020,Saudi Arabia,1,23,0.043478260869565216
2020,Sudan,0,1,0
2020,Sweden,31,48,0.6458333333333334
2020,Singapore,3,16,0.1875
2020,Slovenia,0,5,0
2020,Slovakia,0,2,0
2020,Thailand,0,19,0
2020,Tunisia,0,1,0
2020,Turkey,0,140,0
2020,Taiwan,3,26,0.11538461538461539
2020,Ukraine,0,2,0
2020,Uganda,1,1,1
2020,United States,34,550,0.06181818181818182
2020,Venezuela,1,1,1
2020,Vietnam,0,3,0
2020,South Africa,0,11,0
2021,United Arab Emirates,1,5,0.2
2021,Argentina,0,12,0
2021,Austria,19,40,0.475
2021,Australia,25,98,0.25510204081632654
2021,Bosnia & Herzegovina,0,2,0
2021,Belgium,3,48,0.0625
2021,Bulgaria,0,1,0
2021,Bahrain,0,1,0
2021,Benin,0,2,0
2021,Brunei,0,1,0
2021,Brazil,3,119,0.025210084033613446
2021,Botswana,0,1,0
2021,Canada,32,102,0.3137254901960784
2021,Switzerland,53,110,0.4818181818181818
2021,Chile,0,8,0
2021,China,72,618,0.11650485436893204
2021,Colombia,1,14,0.07142857142857142
2021,Cuba,0,1,0
2021,Cyprus,0,2,0
2021,Czechia,11,19,0.5789473684210527
2021,Germany,134,489,0.2740286298568507
2021,Denmark,5,39,0.1282051282051282
2021,Algeria,0,1,0
2021,Ecuador,0,2,0
2021,Estonia,0,2,0
2021,Egypt,0,37,0
2021,Spain,12,137,0.08759124087591241
2021,Finland,3,28,0.10714285714285714
2021,France,8,103,0.07766990291262135
2021,Gabon,0,1,0
2021,United Kingdom,43,122,0.3524590163934426
2021,Greece,3,54,0.05555555555555555
2021,Hong Kong SAR China,4,7,0.5714285714285714
2021,Croatia,0,9,0
2021,Hungary,7,15,0.4666666666666667
2021,Indonesia,3,7,0.42857142857142855
2021,Ireland,1,22,0.045454545454545456
2021,Israel,23,83,0.27710843373493976
2021,India,1,100,0.01
2021,Iraq,0,2,0
2021,Iran,0,55,0
2021,Italy,11,256,0.04296875
2021,Jordan,0,6,0
2021,Japan,69,299,0.23076923076923078
2021,Kyrgyzstan,0,1,0
2021,South Korea,25,97,0.25773195876288657
2021,Kuwait,0,2,0
2021,Cayman Islands,0,1,0
2021,Kazakhstan,0,1,0
2021,Lebanon,0,6,0
2021,Liechtenstein,0,1,0
2021,Sri Lanka,0,1,0
2021,Lithuania,2,7,0.2857142857142857
2021,Morocco,0,5,0
2021,North Macedonia,1,1,1
2021,Malta,0,1,0
2021,Malawi,0,1,0
2021,Mexico,0,50,0
2021,Malaysia,0,14,0
2021,Namibia,0,1,0
2021,Nigeria,0,4,0
2021,Netherlands,94,114,0.8245614035087719
2021,Norway,13,24,0.5416666666666666
2021,Nepal,0,1,0
2021,New Zealand,3,6,0.5
2021,Oman,0,1,0
2021,Panama,0,1,0
2021,Peru,0,7,0
2021,Philippines,0,1,0
2021,Pakistan,0,5,0
2021,Poland,0,28,0
2021,Puerto Rico,0,1,0
2021,Palestinian Territories,0,1,0
2021,Portugal,4,38,0.10526315789473684
2021,Romania,1,4,0.25
2021,Serbia,0,18,0
2021,Russia,5,24,0.20833333333333334
2021,Rwanda,0,2,0
2021,Saudi Arabia,3,20,0.15
2021,Sweden,28,34,0.8235294117647058
2021,Singapore,9,22,0.4090909090909091
2021,Slovenia,1,8,0.125
2021,Slovakia,0,3,0
2021,Senegal,0,1,0
2021,Thailand,2,28,0.07142857142857142
2021,Tunisia,0,2,0
2021,Turkey,3,164,0.018292682926829267
2021,Taiwan,2,30,0.06666666666666667
2021,Ukraine,0,1,0
2021,United States,73,607,0.12026359143327842
2021,Uruguay,0,1,0
2021,Vietnam,0,1,0
2021,South Africa,0,9,0
2021,Zambia,1,1,1
2022,United Arab Emirates,0,2,0
2022,Afghanistan,0,1,0
2022,Argentina,0,7,0
2022,Austria,17,30,0.5666666666666667
2022,Australia,29,60,0.48333333333333334
2022,Bangladesh,0,1,0
2022,Belgium,8,34,0.23529411764705882
2022,Burkina Faso,0,1,0
2022,Bulgaria,0,2,0
2022,Brazil,5,84,0.05952380952380952
2022,Botswana,2,2,1
2022,Canada,30,75,0.4
2022,Switzerland,49,78,0.6282051282051282
2022,Chile,0,9,0
2022,China,99,437,0.22654462242562928
2022,Colombia,0,5,0
2022,Costa Rica,0,1,0
2022,Cuba,1,2,0.5
2022,Cyprus,1,3,0.3333333333333333
2022,Czechia,5,9,0.5555555555555556
2022,Germany,113,354,0.3192090395480226
2022,Denmark,13,42,0.30952380952380953
2022,Estonia,0,1,0
2022,Egypt,1,22,0.045454545454545456
2022,Spain,10,71,0.14084507042253522
2022,Ethiopia,2,3,0.6666666666666666
2022,Finland,5,17,0.29411764705882354
2022,France,12,89,0.1348314606741573
2022,United Kingdom,52,104,0.5
2022,French Guiana,1,1,1
2022,Greenland,1,1,1
2022,Guadeloupe,0,1,0
2022,Greece,1,29,0.034482758620689655
2022,Hong Kong SAR China,0,1,0
2022,Croatia,1,4,0.25
2022,Hungary,5,8,0.625
2022,Indonesia,1,4,0.25
2022,Ireland,1,10,0.1
2022,Israel,36,59,0.6101694915254238
2022,India,5,61,0.08196721311475409
2022,Iran,2,39,0.05128205128205128
2022,Iceland,1,1,1
2022,Italy,27,184,0.14673913043478262
2022,Jordan,0,5,0
2022,Japan,68,270,0.2518518518518518
2022,Kenya,1,1,1
2022,South Korea,25,67,0.373134328358209
2022,Kuwait,0,1,0
2022,Lebanon,0,3,0
2022,Lithuania,0,3,0
2022,Morocco,1,1,1
2022,Madagascar,0,1,0
2022,Mali,0,1,0
2022,Myanmar (Burma),1,1,1
2022,Mexico,2,22,0.09090909090909091
2022,Malaysia,2,7,0.2857142857142857
2022,Nigeria,0,3,0
2022,Netherlands,74,89,0.8314606741573034
2022,Norway,14,26,0.5384615384615384
2022,New Zealand,5,8,0.625
2022,Philippines,0,2,0
2022,Pakistan,1,5,0.2
2022,Poland,4,26,0.15384615384615385
2022,Puerto Rico,0,1,0
2022,Portugal,5,31,0.16129032258064516
2022,Paraguay,1,1,1
2022,Qatar,3,3,1
2022,Romania,2,2,1
2022,Serbia,0,4,0
2022,Russia,2,9,0.2222222222222222
2022,Saudi Arabia,0,11,0
2022,Sweden,34,38,0.8947368421052632
2022,Singapore,10,21,0.47619047619047616
2022,Slovenia,4,9,0.4444444444444444
2022,Slovakia,1,6,0.16666666666666666
2022,Thailand,4,25,0.16
2022,Turkey,9,103,0.08737864077669903
2022,Taiwan,4,34,0.11764705882352941
2022,Ukraine,0,1,0
2022,United States,89,489,0.18200408997955012
2022,Vietnam,2,5,0.4
2022,South Africa,1,5,0.2
2023,United Arab Emirates,0,5,0
2023,Argentina,1,7,0.14285714285714285
2023,Austria,12,18,0.6666666666666666
2023,Australia,37,61,0.6065573770491803
2023,Bosnia & Herzegovina,1,1,1
2023,Belgium,10,35,0.2857142857142857
2023,Bulgaria,0,1,0
2023,Brazil,6,59,0.1016949152542373
2023,Canada,17,42,0.40476190476190477
2023,Switzerland,46,68,0.6764705882352942
2023,Chile,0,8,0
2023,China,92,401,0.22942643391521197
2023,Colombia,0,7,0
2023,Costa Rica,0,1,0
2023,Cyprus,0,2,0
2023,Czechia,8,12,0.6666666666666666
2023,Germany,96,263,0.3650190114068441
2023,Denmark,12,34,0.35294117647058826
2023,Algeria,0,1,0
2023,Egypt,1,13,0.07692307692307693
2023,Spain,15,64,0.234375
2023,Ethiopia,1,1,1
2023,Finland,6,16,0.375
2023,Faroe Islands,0,1,0
2023,France,14,59,0.23728813559322035
2023,United Kingdom,60,92,0.6521739130434783
2023,Ghana,0,1,0
2023,Greece,1,21,0.047619047619047616
2023,Guatemala,0,1,0
2023,Hong Kong SAR China,4,8,0.5
2023,Honduras,0,1,0
2023,Croatia,1,9,0.1111111111111111
2023,Hungary,5,7,0.7142857142857143
2023,Indonesia,1,5,0.2
2023,Ireland,3,11,0.2727272727272727
2023,Israel,32,50,0.64
2023,India,3,46,0.06521739130434782
2023,Iraq,0,1,0
2023,Iran,4,23,0.17391304347826086
2023,Iceland,1,1,1
2023,Italy,27,157,0.17197452229299362
2023,Jordan,0,1,0
2023,Japan,57,201,0.2835820895522388
2023,South Korea,22,47,0.46808510638297873
2023,Kuwait,0,2,0
2023,Lebanon,1,4,0.25
2023,Liechtenstein,0,1,0
2023,Lithuania,0,2,0
2023,Morocco,0,3,0
2023,Mali,1,1,1
2023,Mexico,0,24,0
2023,Malaysia,2,6,0.3333333333333333
2023,Nigeria,0,2,0
2023,Netherlands,79,91,0.8681318681318682
2023,Norway,14,22,0.6363636363636364
2023,New Zealand,3,6,0.5
2023,Peru,0,2,0
2023,Philippines,1,2,0.5
2023,Pakistan,1,6,0.16666666666666666
2023,Poland,6,20,0.3
2023,Puerto Rico,0,1,0
2023,Portugal,8,27,0.2962962962962963
2023,Qatar,1,1,1
2023,Romania,1,3,0.3333333333333333
2023,Serbia,1,6,0.16666666666666666
2023,Russia,6,11,0.5454545454545454
2023,Saudi Arabia,3,9,0.3333333333333333
2023,Sweden,33,37,0.8918918918918919
2023,Singapore,14,18,0.7777777777777778
2023,Slovenia,2,6,0.3333333333333333
2023,Slovakia,0,1,0
2023,Thailand,3,18,0.16666666666666666
2023,Tunisia,0,2,0
2023,Turkey,18,117,0.15384615384615385
2023,Taiwan,8,32,0.25
2023,Tanzania,0,1,0
2023,Ukraine,1,2,0.5
2023,United States,143,441,0.3242630385487528
2023,Uruguay,0,1,0
2023,Venezuela,0,2,0
2023,Vietnam,1,3,0.3333333333333333
2023,South Africa,1,6,0.16666666666666666
2024,United Arab Emirates,1,3,0.3333333333333333
2024,Antigua & Barbuda,0,3,0
2024,Argentina,2,8,0.25
2024,Austria,17,32,0.53125
2024,Australia,28,63,0.4444444444444444
2024,Belgium,6,22,0.2727272727272727
2024,Bulgaria,0,2,0
2024,Benin,0,1,0
2024,Bolivia,0,1,0
2024,Brazil,9,80,0.1125
2024,Canada,32,68,0.47058823529411764
2024,Switzerland,31,68,0.45588235294117646
2024,Chile,3,12,0.25
2024,Cameroon,0,1,0
2024,China,80,345,0.2318840579710145
2024,Colombia,1,8,0.125
2024,Cyprus,1,2,0.5
2024,Czechia,12,15,0.8
2024,Germany,98,301,0.32558139534883723
2024,Denmark,9,31,0.2903225806451613
2024,Ecuador,0,1,0
2024,Estonia,0,2,0
2024,Egypt,2,16,0.125
2024,Spain,19,59,0.3220338983050847
2024,Ethiopia,0,4,0
2024,Finland,12,23,0.5217391304347826
2024,France,20,65,0.3076923076923077
2024,United Kingdom,43,84,0.5119047619047619
2024,Georgia,0,1,0
2024,Greenland,1,1,1
2024,Greece,4,17,0.23529411764705882
2024,Hong Kong SAR China,1,1,1
2024,Croatia,0,5,0
2024,Hungary,3,4,0.75
2024,Indonesia,2,10,0.2
2024,Ireland,1,6,0.16666666666666666
2024,Israel,31,52,0.5961538461538461
2024,India,13,62,0.20967741935483872
2024,Iraq,0,2,0
2024,Iran,1,12,0.08333333333333333
2024,Italy,33,127,0.25984251968503935
2024,Jordan,0,1,0
2024,Japan,47,161,0.2919254658385093
2024,Kenya,2,2,1
2024,Cambodia,0,2,0
2024,South Korea,36,67,0.5373134328358209
2024,Kuwait,3,7,0.42857142857142855
2024,Kazakhstan,1,2,0.5
2024,Sri Lanka,1,2,0.5
2024,Lithuania,0,2,0
2024,Luxembourg,0,1,0
2024,Morocco,0,6,0
2024,Montenegro,0,1,0
2024,Mexico,5,20,0.25
2024,Malaysia,0,6,0
2024,Nigeria,0,4,0
2024,Netherlands,66,77,0.8571428571428571
2024,Norway,12,21,0.5714285714285714
2024,Nepal,0,1,0
2024,New Zealand,5,12,0.4166666666666667
2024,Panama,0,1,0
2024,Peru,0,1,0
2024,Pakistan,3,10,0.3
2024,Poland,2,22,0.09090909090909091
2024,Portugal,3,17,0.17647058823529413
2024,Paraguay,0,1,0
2024,Qatar,5,5,1
2024,Serbia,0,2,0
2024,Russia,2,7,0.2857142857142857
2024,Saudi Arabia,4,13,0.3076923076923077
2024,Sweden,31,31,1
2024,Singapore,10,18,0.5555555555555556
2024,Slovenia,2,6,0.3333333333333333
2024,Thailand,2,12,0.16666666666666666
2024,Tunisia,0,2,0
2024,Turkey,11,131,0.08396946564885496
2024,Taiwan,11,35,0.3142857142857143
2024,Ukraine,0,1,0
2024,United States,118,390,0.30256410256410254
2024,Uruguay,0,1,0
2024,Vietnam,0,1,0
2024,South Africa,2,4,0.5
2024,Zambia,1,1,1
2025,United Arab Emirates,1,4,0.25
2025,Antigua & Barbuda,0,4,0
2025,Armenia,1,3,0.3333333333333333
2025,Argentina,3,12,0.25
2025,Austria,20,41,0.4878048780487805
2025,Australia,36,61,0.5901639344262295
2025,Azerbaijan,0,1,0
2025,Bangladesh,0,1,0
2025,Belgium,12,26,0.46153846153846156
2025,Bulgaria,0,1,0
2025,Benin,0,1,0
2025,Brazil,8,82,0.0975609756097561
2025,Botswana,0,1,0
2025,Canada,35,68,0.5147058823529411
2025,Switzerland,45,75,0.6
2025,Côte d’Ivoire,0,1,0
2025,Chile,3,13,0.23076923076923078
2025,China,80,455,0.17582417582417584
2025,Colombia,2,10,0.2
2025,Cyprus,3,4,0.75
2025,Czechia,8,13,0.6153846153846154
2025,Germany,110,364,0.3021978021978022
2025,Denmark,8,30,0.26666666666666666
2025,Algeria,0,1,0
2025,Ecuador,0,2,0
2025,Estonia,1,1,1
2025,Egypt,0,11,0
2025,Spain,18,55,0.32727272727272727
2025,Ethiopia,0,4,0
2025,Finland,13,20,0.65
2025,France,30,67,0.44776119402985076
2025,United Kingdom,54,92,0.5869565217391305
2025,Georgia,0,3,0
2025,Ghana,0,1,0
2025,Greece,2,17,0.11764705882352941
2025,Hong Kong SAR China,9,12,0.75
2025,Croatia,0,3,0
2025,Hungary,4,7,0.5714285714285714
2025,Indonesia,2,6,0.3333333333333333
2025,Ireland,1,7,0.14285714285714285
2025,Israel,39,54,0.7222222222222222
2025,India,11,58,0.1896551724137931
2025,Iran,1,16,0.0625
2025,Iceland,2,2,1
2025,Italy,43,142,0.3028169014084507
2025,Jersey,0,1,0
2025,Jordan,2,5,0.4
2025,Japan,77,200,0.385
2025,Kenya,1,2,0.5
2025,Cambodia,0,6,0
2025,South Korea,26,51,0.5098039215686274
2025,Kuwait,0,1,0
2025,Lebanon,0,2,0
2025,Liechtenstein,0,1,0
2025,Sri Lanka,0,2,0
2025,Lithuania,0,2,0
2025,Luxembourg,1,3,0.3333333333333333
2025,Latvia,2,2,1
2025,Libya,1,1,1
2025,Morocco,1,6,0.16666666666666666
2025,Madagascar,0,1,0
2025,Macao SAR China,0,1,0
2025,Malta,0,1,0
2025,Mexico,7,18,0.3888888888888889
2025,Malaysia,0,3,0
2025,Nigeria,0,3,0
2025,Netherlands,69,80,0.8625
2025,Norway,15,18,0.8333333333333334
2025,Nepal,0,2,0
2025,New Zealand,6,6,1
2025,Oman,0,1,0
2025,Panama,0,1,0
2025,Peru,1,4,0.25
2025,Philippines,1,1,1
2025,Pakistan,2,8,0.25
2025,Poland,7,16,0.4375
2025,Portugal,2,16,0.125
2025,Qatar,3,4,0.75
2025,Réunion,0,1,0
2025,Romania,1,2,0.5
2025,Serbia,1,5,0.2
2025,Russia,1,14,0.07142857142857142
2025,Rwanda,0,1,0
2025,Saudi Arabia,1,16,0.0625
2025,Sweden,31,38,0.8157894736842105
2025,Singapore,4,9,0.4444444444444444
2025,Slovenia,0,8,0
2025,Slovakia,0,2,0
2025,São Tomé & Príncipe,0,1,0
2025,Thailand,3,17,0.17647058823529413
2025,Tajikistan,0,1,0
2025,Tunisia,0,3,0
2025,Turkey,13,169,0.07692307692307693
2025,Taiwan,6,30,0.2
2025,Ukraine,0,1,0
2025,Uganda,1,1,1
2025,United States,139,453,0.3068432671081678
2025,Vietnam,2,10,0.2
2025,South Africa,0,1,0
2026,United Arab Emirates,0,1,0
2026,Antigua & Barbuda,1,2,0.5
2026,Argentina,1,2,0.5
2026,Austria,0,1,0
2026,Australia,4,6,0.6666666666666666
2026,Bolivia,0,1,0
2026,Brazil,0,1,0
2026,Canada,2,4,0.5
2026,Switzerland,0,3,0
2026,China,5,22,0.22727272727272727
2026,Czechia,0,1,0
2026,Germany,7,21,0.3333333333333333
2026,Denmark,0,1,0
2026,Spain,1,3,0.3333333333333333
2026,France,4,6,0.6666666666666666
2026,United Kingdom,4,6,0.6666666666666666
2026,Ghana,0,1,0
2026,Greece,3,3,1
2026,Hong Kong SAR China,1,1,1
2026,Ireland,1,2,0.5
2026,Israel,1,1,1
2026,India,0,1,0
2026,Italy,5,6,0.8333333333333334
2026,Japan,4,11,0.36363636363636365
2026,Cambodia,1,1,1
2026,South Korea,1,1,1
2026,Morocco,0,3,0
2026,Madagascar,0,1,0
2026,Mexico,0,1,0
2026,Netherlands,4,4,1
2026,Peru,1,2,0.5
2026,Poland,0,1,0
2026,Portugal,1,3,0.3333333333333333
2026,Paraguay,0,1,0
2026,Serbia,0,1,0
2026,Russia,1,1,1
2026,Saudi Arabia,0,1,0
2026,Sweden,2,2,1
2026,Singapore,0,1,0
2026,Slovakia,1,1,1
2026,Thailand,0,1,0
2026,Turkey,5,11,0.45454545454545453
2026,Taiwan,0,5,0
2026,United States,4,27,0.14814814814814814
